created_at,updated_at,page,url,job_id,status_code,parser_type,content.url,content.page,content.results.main,content.results.additional,content.results.total_results_count,content.parse_status_code
2024-05-24 03:08:18,2024-05-24 03:08:20,1,https://www.google.com/search?q=nvidia+stock&tbm=nws&uule=w+CAIQICIFaW5kaWE&gl=in&hl=en,7199607116460479489,200,,https://www.google.com/search?q=nvidia+stock&tbm=nws&uule=w+CAIQICIFaW5kaWE&gl=in&hl=en,1,"[{'url': 'https://www.nytimes.com/2024/05/22/technology/nvidia-quarterly-earnings-results.html', 'desc': 'The Silicon Valley company was again lifted by sales of its artificial \nintelligence chips, but it faces growing competition and heightened...', 'title': 'Nvidia, Powered by A.I. Boom, Reports Soaring Revenue and Profits', 'source': 'The New York Times', 'pos_overall': 1, 'relative_publish_date': '1 day ago'}, {'url': 'https://m.economictimes.com/markets/expert-view/can-coforge-be-the-nvidia-of-india-which-largecap-can-give-mega-returns-for-next-2-3-years-sanjiv-bhasin-answers/articleshow/110353814.cms', 'desc': 'Sanjiv Bhasin of IIFL Securities advises caution in investing in defence \nand railway stocks due to unfavorable prices.', 'title': 'Can Coforge be the Nvidia of India? Which largecap can give mega returns \nfor next 2-3 years? Sanjiv Bhasin', 'source': 'The Economic Times', 'pos_overall': 2, 'relative_publish_date': '21 hours ago'}, {'url': 'https://www.investing.com/news/stock-market-news/us-stock-futures-rise-as-nvidia-cheer-offsets-fed-jitters-3453275', 'desc': 'Investing.com-- The S&P 500 closed lower Thursday, as rising Treasury \nyields on signs of sticky inflation dented rate-cut hopes offsetting...', 'title': ""Stock Market Today: S&P 500 snaps win streak as rising yields steal \nNvidia's shine"", 'source': 'Investing.com', 'pos_overall': 3, 'relative_publish_date': '1 day ago'}, {'url': 'https://pro.thestreet.com/market-commentary/nvidia-powers-ai-can-it-power-out-of-dullsville', 'desc': ""The stock market has been dull this past week. Will NVDA's earnings be \nenough to shake us out of the narrow range we're trapped in?"", 'title': 'Nvidia Powers AI. But Can It Power Us Out of Dullsville?', 'source': 'TheStreet Pro', 'pos_overall': 4, 'relative_publish_date': '17 hours ago'}, {'url': 'https://www.reuters.com/technology/nvidia-earnings-could-spark-200-billion-swing-shares-options-show-2024-05-21/', 'desc': ""Traders are pricing in a big move for Nvidia's shares after the chipmaker \nreports earnings on Wednesday, though expectations for volatility..."", 'title': 'Nvidia earnings could spark $200 billion swing in shares, options show', 'source': 'Reuters', 'pos_overall': 5, 'relative_publish_date': '1 day ago'}, {'url': 'https://www.euronews.com/business/2024/05/22/nvidia-shares-could-soar-as-traders-eye-first-quarter-earnings', 'desc': 'Nvidia is set to release its first-quarter earnings for the fiscal year \n2025. Investors will be particularly focused on the performance of...', 'title': 'Previewing Nvidia’s First-Quarter Earnings: What to expect?', 'source': 'Euronews', 'pos_overall': 6, 'relative_publish_date': '1 day ago'}]","[[], [], [], []]",12800,12000
2024-05-24 03:08:18,2024-05-24 03:08:21,2,https://www.google.com/search?q=nvidia+stock&tbm=nws&uule=w+CAIQICIFaW5kaWE&gl=in&hl=en&start=10,7199607116460479489,200,,https://www.google.com/search?q=nvidia+stock&tbm=nws&uule=w+CAIQICIFaW5kaWE&gl=in&hl=en&start=10,2,"[{'url': 'https://www.wsj.com/livecoverage/stock-market-today-dow-jones-earnings-05-23-2024/card/why-is-nvidia-splitting-its-stock-and-what-will-the-10-for-1-split-mean--eWfPUbLYiRzTtr7XWoiB', 'desc': ""Alongside another blockbuster earnings report, Nvidia said it planned to \nsplit its stock. Here's a look at what that means: Why is Nvidia..."", 'title': ""What Nvidia's 10-for-1 Stock Split Will Mean for Investors"", 'source': 'WSJ', 'pos_overall': 1, 'relative_publish_date': '4 hours ago'}, {'url': 'https://www.investopedia.com/nvidia-10-for-1-stock-split-is-coming-what-you-need-to-know-8652922', 'desc': 'Nvidia announced a 10-for-1 forward stock split along with its blockbuster \nearnings report Wednesday. Stock splits increase the number of...', 'title': ""Nvidia's 10-for-1 Stock Split Is Coming—What You Need To Know"", 'source': 'Investopedia', 'pos_overall': 2, 'relative_publish_date': '9 hours ago'}, {'url': 'https://www.investors.com/news/technology/nvidia-stock-breaks-out-on-q1-beat-and-raise-report/', 'desc': 'AI chip leader Nvidia topped even Wall Street\'s elevated ""whisper numbers"" \nwith its fiscal Q1 results and guidance. Nvidia stock rose.', 'title': 'Nvidia Stock Breaks Out On Jaw-Dropping Q1 Results, Outlook', 'source': ""Investor's Business Daily"", 'pos_overall': 3, 'relative_publish_date': '7 hours ago'}, {'url': 'https://finance.yahoo.com/news/ai-heavyweight-nvidia-forecasts-quarterly-202236454.html', 'desc': 'Shares of Nvidia surged over 9% on Thursday, building on a stunning rally \nas its bumper revenue forecast reinforced investor confidence in...', 'title': 'Nvidia adds over $200 billion in market value in post-earnings rally', 'source': 'Yahoo Finance', 'pos_overall': 4, 'relative_publish_date': '6 hours ago'}, {'url': 'https://www.businessinsider.com/nvidia-stock-price-split-earnings-ai-tech-microchips-investing-index-2024-5', 'desc': 'Nvidia announced a 10-for-1 stock split with the goal of making its $1000 \nshares more accessible to employees and investors.', 'title': 'Investing in Nvidia will get a whole lot cheaper after stock split', 'source': 'Business Insider', 'pos_overall': 5, 'relative_publish_date': '13 hours ago'}, {'url': 'https://www.reuters.com/markets/us/nvidias-split-soaring-stock-could-boost-retail-investor-appeal-dow-chances-2024-05-23/', 'desc': ""Nvidia's plan to split its stock after the stunning rise in the chipmaker's \nshare price could lure more interest from retail investors while..."", 'title': ""Nvidia's split of soaring stock could boost retail investor appeal, Dow \nchances"", 'source': 'Reuters', 'pos_overall': 6, 'relative_publish_date': '11 hours ago'}, {'url': 'https://www.moneycontrol.com/news/business/stocks/indian-mfs-set-to-gain-as-nvidia-crosses-1000-mark-on-yet-another-strong-quarter-12730437.html', 'desc': ""Nvidia is back in the news after the chipmaker's stocks crossed the \n$1,000-mark on May 23 for the first time, beating market expectations..."", 'title': 'Some Indian MFs set to gain as Nvidia crosses $1,000-mark on yet another \nstrong quarter', 'source': 'Moneycontrol', 'pos_overall': 7, 'relative_publish_date': '13 hours ago'}, {'url': 'https://www.investing.com/news/stock-market-news/nvidia-tops-1000-a-share-in-afterhours-trading-on-strong-outlook-stock-split-3452885', 'desc': ""Investing.com -- Shares in Nvidia (NASDAQ:NVDA) gained more than 9% in \nThursday trading after the semiconductor group's much-anticipated..."", 'title': 'Nvidia shares rise more than 9% following latest revenue surge', 'source': 'Investing.com', 'pos_overall': 8, 'relative_publish_date': '18 hours ago'}, {'url': 'https://www.fool.com/investing/2024/05/23/is-nvidia-stock-still-a-buy-after-it-just-popped-a/', 'desc': ""Nvidia's (NVDA 9.32%) latest earnings report was arguably the most highly \nanticipated of this earnings season."", 'title': 'Is Nvidia Stock Still a Buy After It Just Popped Again?', 'source': 'The Motley Fool', 'pos_overall': 9, 'relative_publish_date': '11 hours ago'}, {'url': 'https://www.cnbc.com/2024/05/23/what-nvidia-stock-split-means-for-investors.html', 'desc': 'Nvidia released its fiscal first-quarter earnings report on Wednesday, \nalong with news of a planned 10-for-1 stock split.', 'title': ""What Nvidia's 10-for-1 stock split means for investors—it's mostly \npsychological"", 'source': 'CNBC', 'pos_overall': 10, 'relative_publish_date': '10 hours ago'}]",,2,12000
2024-05-24 03:08:18,2024-05-24 03:08:22,3,https://www.google.com/search?q=nvidia+stock&tbm=nws&uule=w+CAIQICIFaW5kaWE&gl=in&hl=en&start=20,7199607116460479489,200,,https://www.google.com/search?q=nvidia+stock&tbm=nws&uule=w+CAIQICIFaW5kaWE&gl=in&hl=en&start=20,3,"[{'url': 'https://www.livemint.com/market/stock-market-news/wall-street-today-us-stocks-muted-ahead-of-nvidia-earnings-fed-minutes-11716386176562.html', 'desc': ""US stocks were drifting on Wednesday ahead of chip giant Nvidia's quarterly \nresults and the US Federal Reserve's policy meeting minutes."", 'title': 'Wall Street today: US stocks drift ahead of Fed minutes, Nvidia drops as \ninvestors await earnings | Stock Market News', 'source': 'mint', 'pos_overall': 1, 'relative_publish_date': '1 day ago'}, {'url': 'https://www.wsj.com/livecoverage/stock-market-today-dow-jones-earnings-05-23-2024', 'desc': 'All 30 Dow components fall for the first time this year.', 'title': 'Stock Market News, May 23, 2024: Indexes Close Lower, Nvidia Extends Climb', 'source': 'WSJ', 'pos_overall': 2, 'relative_publish_date': '4 hours ago'}, {'url': 'https://www.investopedia.com/where-is-nvidia-stock-price-headed-after-post-earnings-pop-8652786', 'desc': 'Nvidia shares jumped more than 6% in extended hours trading Wednesday \nevening after the AI darling delivered another blowout quarterly...', 'title': 'Where is Nvidia Stock Price Headed After Post-Earnings Pop?', 'source': 'Investopedia', 'pos_overall': 3, 'relative_publish_date': '1 day ago'}, {'url': 'https://markets.businessinsider.com/news/stocks/nvidia-stock-price-q1-earnings-10-for-1-stock-split-2024-5', 'desc': 'Nvidia announced a 10-for-1 stock split and increased its quarterly \ndividend by 150% from $0.04 to $0.10 per share.', 'title': 'Nvidia Stock Price Jumps After Big Earnings Beat, 10-for-1 Stock Split', 'source': 'markets.businessinsider.com', 'pos_overall': 4, 'relative_publish_date': '1 day ago'}, {'url': 'https://www.investors.com/market-trend/stock-market-today/dow-jones-futures-nvidia-soars-deckers-jumps-late/', 'desc': 'Dow Jones futures: The stock market rally had an ugly session, despite \nNvidia surging on earnings. Deckers spiked late, signaling a...', 'title': 'Dow Jones Futures: Nvidia Soars But Stock Market Has Ugly Day; Deckers \nJumps Late', 'source': ""Investor's Business Daily"", 'pos_overall': 5, 'relative_publish_date': '26 minutes ago'}, {'url': 'https://www.investors.com/research/stock-screener-stocks-to-buy-watch/', 'desc': 'Featuring Nvidia, Cava, Chipotle and more, this stock screener highlights \ntop-rated stocks to watch right now.', 'title': 'Stock Screener: Nvidia Leads List Of Stocks To Watch', 'source': ""Investor's Business Daily"", 'pos_overall': 6, 'relative_publish_date': '7 hours ago'}, {'url': 'https://www.livemint.com/companies/company-results/nvidias-profit-jumps-amid-dominance-in-chip-for-ai-key-highlights-11716425733893.html', 'desc': 'Nvidia experienced a remarkable increase in profits and revenues, rising by \n628% and 268% respectively, compared to the corresponding period...', 'title': 'Nvidia profit soars over 600%, shares top $1,000: From 10:1 stock split to \ndividend – key highlights from results | Company Business News', 'source': 'mint', 'pos_overall': 7, 'relative_publish_date': '1 day ago'}, {'url': 'https://www.cnbc.com/2024/05/23/nvidia-keeps-hitting-records-can-investors-still-buy-the-stock.html', 'desc': ""Shares of Nvidia surged to record highs Thursday, following the artificial \nintelligence chip giant's after-the-bell quarterly results that..."", 'title': 'Nvidia stock keeps hitting records. Can investors with little to no shares \nstill buy?', 'source': 'CNBC', 'pos_overall': 8, 'relative_publish_date': '7 hours ago'}, {'url': 'https://www.reuters.com/technology/ai-heavyweight-nvidia-forecasts-quarterly-revenue-above-estimates-2024-05-22/', 'desc': 'Nvidia forecast quarterly revenue above estimates on Wednesday and \nannounced a stock split, lifting its shares to record-high territory and...', 'title': 'Nvidia forecasts quarterly revenue above estimates, unveils stock split', 'source': 'Reuters', 'pos_overall': 9, 'relative_publish_date': '22 hours ago'}, {'url': 'https://www.barrons.com/livecoverage/stock-market-today-052324', 'desc': 'The Dow Jones Industrial Average was trading lower today, while the S&P 500 \nand Nasdaq Composite rose. Technology was the only major sector...', 'title': 'Stock Market News From May 23, 2024: Dow Down 600 Points, Nasdaq Surges on \nNvidia Earnings, and More Stock ...', 'source': ""Barron's"", 'pos_overall': 10, 'relative_publish_date': '3 hours ago'}]",,3,12000
2024-05-24 03:08:18,2024-05-24 03:08:23,4,https://www.google.com/search?q=nvidia+stock&tbm=nws&uule=w+CAIQICIFaW5kaWE&gl=in&hl=en&start=30,7199607116460479489,200,,https://www.google.com/search?q=nvidia+stock&tbm=nws&uule=w+CAIQICIFaW5kaWE&gl=in&hl=en&start=30,4,"[{'url': 'https://www.investors.com/research/nvda-stock-is-nvidia-a-buy/', 'desc': 'Nvidia (NVDA) gapped to record highs after first-quarter results beat \nestimates yet again late Wednesday. Shares have cleared the...', 'title': 'Nvidia Passes Test As Q1 Results Impress; Is It A Buy Now?', 'source': ""Investor's Business Daily"", 'pos_overall': 1, 'relative_publish_date': '12 hours ago'}, {'url': 'https://www.morningstar.com/markets/what-does-nvidias-stock-split-mean-investors', 'desc': 'Semiconductor firm Nvidia NVDA announced a 10-for-1 stock split along with \nits blowout first-quarter earnings results on Wednesday.', 'title': ""What Does Nvidia's Stock Split Mean for Investors?"", 'source': 'Morningstar', 'pos_overall': 2, 'relative_publish_date': '7 hours ago'}, {'url': 'https://www.cnbctv18.com/personal-finance/nvidia-shares-stock-price-mutual-funds-schemes-exposure-how-to-invest-india-motilal-kotak-axis-19416277.htm', 'desc': ""As NVIDIA shares hit record highs, here's a look at Indian mutual fund \nschemes with notable exposure to the tech giant."", 'title': 'These mutual fund schemes invest in Nvidia shares: Do you hold any?', 'source': 'cnbctv18', 'pos_overall': 3, 'relative_publish_date': '23 hours ago'}, {'url': 'https://apnews.com/article/nvidia-artificial-intelligence-chips-stock-market-value-f1d89b8ec62f3a8556e332a46c39507c', 'desc': ""Nvidia's stock price has more than doubled this year, increasing the \ncompany's market value by more than $1.3 trillion."", 'title': 'How Nvidia rose to AI prominence', 'source': 'AP News', 'pos_overall': 4, 'relative_publish_date': '6 hours ago'}, {'url': 'https://finance.yahoo.com/news/dollar-firms-us-yields-rise-222127525.html', 'desc': '(Bloomberg) -- Stocks and bonds retreated as data showing US business \nactivity accelerated amid a pickup in inflation reinforced bets the...', 'title': 'Stocks Join Bonds in Falling as Fed-Cut Bets Wane: Markets Wrap (Bloomberg)', 'source': 'Yahoo Finance', 'pos_overall': 5, 'relative_publish_date': '6 hours ago'}, {'url': 'https://www.reuters.com/markets/us/nasdaq-sp-500-futures-pop-nvidia-fuels-chip-stocks-rally-2024-05-23/', 'desc': 'U.S. stocks ended lower on Thursday, even as a strong revenue forecast for \nNvidia fueled a surge in its shares, but that was overshadowed by...', 'title': 'Stocks fall despite Nvidia boost as inflation concerns weigh', 'source': 'Reuters', 'pos_overall': 6, 'relative_publish_date': '4 hours ago'}, {'url': 'https://www.barrons.com/articles/nvidia-earnings-stock-price-479e7016', 'desc': ""fulfilled the world's high expectations with its April quarter results. The \nhurdle was high, given that many now consider it the most..."", 'title': 'Nvidia Stock Rises on Strong Earnings', 'source': ""Barron's"", 'pos_overall': 7, 'relative_publish_date': '10 hours ago'}, {'url': 'https://finance.yahoo.com/news/10-shocking-points-nvidia-stock-143045932.html', 'desc': ""In today's video, I discuss recent updates impacting Nvidia (NASDAQ: NVDA). \nCheck out the short video to learn more, consider subscribing,..."", 'title': '10 Shocking Points Nvidia Stock Investors Should Know After Earnings', 'source': 'Yahoo Finance', 'pos_overall': 8, 'relative_publish_date': '13 hours ago'}, {'url': 'https://www.fool.com/investing/2024/05/23/nvda-stock-earnings-stock-split-ai-stocks/', 'desc': 'In fiscal Q1, the tech giant continued to experience powerful demand for \nits products and services that enable artificial intelligence (AI)...', 'title': 'Nvidia Stock Pops on Blockbuster Earnings Report and Stock Split Plan', 'source': 'The Motley Fool', 'pos_overall': 9, 'relative_publish_date': '14 hours ago'}, {'url': 'https://www.investopedia.com/how-an-earnings-fueled-move-in-nvidia-stock-price-could-affect-the-broader-market-8652271', 'desc': 'Nvidia is set to report first-quarter earnings after markets close \nWednesday, with analysts and traders anticipating moves in the...', 'title': ""How an Earnings-Fueled Move in Nvidia's Stock Price Could Affect the \nBroader Market"", 'source': 'Investopedia', 'pos_overall': 10, 'relative_publish_date': '1 day ago'}]",,4,12000
2024-05-24 03:08:18,2024-05-24 03:08:23,5,https://www.google.com/search?q=nvidia+stock&tbm=nws&uule=w+CAIQICIFaW5kaWE&gl=in&hl=en&start=40,7199607116460479489,200,,https://www.google.com/search?q=nvidia+stock&tbm=nws&uule=w+CAIQICIFaW5kaWE&gl=in&hl=en&start=40,5,"[{'url': 'https://www.forbes.com/sites/dereksaul/2024/05/22/nvidia-earnings-stock-rallies-as-ai-giant-reports-600-profit-explosion/', 'desc': 'Nvidia again shattered Wall Street forecasts in its anxiously awaited \nearnings report Wednesday afternoon, sending shares of the chip...', 'title': 'Nvidia Earnings: Stock Rallies As AI Giant Reports 600% Profit Explosion, \nStock Split', 'source': 'Forbes', 'pos_overall': 1, 'relative_publish_date': '1 day ago'}, {'url': 'https://www.forbes.com/sites/jimosman/2024/05/22/nvidia-are-splitting-10-for-1-heres-what-it-means-and-how-to-profit/', 'desc': ""Nvidia announced a 10-for-1 forward stock split in today's first-quarter \nearnings report."", 'title': 'Nvidia Stock Is Splitting 10-For-1: What It Means And How To Profit', 'source': 'Forbes', 'pos_overall': 2, 'relative_publish_date': '1 day ago'}, {'url': 'https://www.marketwatch.com/livecoverage/nvidia-stock-earnings-reaction-price-ai-chip-blackwell', 'desc': 'Nvidia shares gained Thursday in the face of upbeat results and commentary \nfrom the chip giant. MarketWatch broke down the reaction live.', 'title': 'Nvidia earnings: Stock racks up big gains as Wall Street cheers the future', 'source': 'MarketWatch', 'pos_overall': 3, 'relative_publish_date': '6 hours ago'}, {'url': 'https://www.investing.com/news/stock-market-news/nvidia-stock-10-wall-street-analysts-discuss-earnings-outlook-3454004', 'desc': 'Nvidia (NASDAQ:NVDA) stock surpassed $1,000 for the first time in extended \ntrading on Wednesday after the chipmaker reported fiscal...', 'title': 'Nvidia stock: 10 Wall Street analysts discuss earnings, outlook', 'source': 'Investing.com', 'pos_overall': 4, 'relative_publish_date': '16 hours ago'}, {'url': 'https://www.reuters.com/markets/us/futures-muted-nvidia-results-fed-minutes-test-wall-sts-record-run-2024-05-22/', 'desc': ""U.S. stocks fell on Wednesday as investors digested minutes of the Federal \nReserve's most recent meeting but Nvidia's shares rose about 6%..."", 'title': 'Stocks fall after Fed minutes; Nvidia shares climb after the bell', 'source': 'Reuters', 'pos_overall': 5, 'relative_publish_date': '1 day ago'}, {'url': 'https://www.investors.com/news/technology/nvidia-rosy-outlook-data-center-networking-chips-pressures-arista/', 'desc': 'Arista stock fell amid rosy commentary by Nvidia management on its \nnetworking business on its Q1 earnings call with analysts.', 'title': ""Nvidia's Rosy Outlook On Data Center Networking Chips Pressures Arista"", 'source': ""Investor's Business Daily"", 'pos_overall': 6, 'relative_publish_date': '11 hours ago'}, {'url': 'https://markets.businessinsider.com/news/stocks/stock-market-today-nvidia-q1-earnings-split-chips-ai-blackwell-2024-5', 'desc': ""Stocks jumped Thursday with investors feeling buoyant after Nvidia's big \nfirst-quarter earnings report. The chip maker beat revenue and..."", 'title': ""Stock Market Today: Indexes Pop After Nvidia's Blowout Earnings Report"", 'source': 'markets.businessinsider.com', 'pos_overall': 7, 'relative_publish_date': '14 hours ago'}, {'url': 'https://www.investors.com/research/ibd-stock-analysis/microsoft-stock-msft-nvidia-servicenow/', 'desc': 'Magnificent Seven stocks like Amazon.com (AMZN), Alphabet (GOOGL), Nvidia \n(NVDA) and even a rebounding Apple (AAPL) continue to make good on...', 'title': 'Microsoft Stock Copilots AI Boom With ServiceNow As Nvidia Smashes Targets \nAgain', 'source': ""Investor's Business Daily"", 'pos_overall': 8, 'relative_publish_date': '7 hours ago'}, {'url': 'https://www.investopedia.com/nvidia-earnings-surge-pulls-up-nasdaq-chip-etfs-and-others-in-ai-ecosystem-8652850', 'desc': ""Nvidia shares surged following the chipmaker's better-than-expecting \nearnings report, boosting major indexes and exchange-traded funds..."", 'title': 'Nvidia Earnings Surge Pulls Up Nasdaq, Chip ETFs, and Others in AI Ecosystem', 'source': 'Investopedia', 'pos_overall': 9, 'relative_publish_date': '12 hours ago'}, {'url': 'https://markets.businessinsider.com/news/stocks/nvidia-q1-earnings-wall-street-reaction-ai-revolution-just-started-2024-5', 'desc': 'Nvidia stock soared 9% on Thursday to record highs after its reported \nearnings. The company defied analyst expectations yet again,...', 'title': 'Nvidia Q1 Earnings Wall Street Reaction: AI Revolution Just Started', 'source': 'markets.businessinsider.com', 'pos_overall': 10, 'relative_publish_date': '13 hours ago'}]",,5,12000
2024-05-24 03:08:18,2024-05-24 03:08:24,6,https://www.google.com/search?q=nvidia+stock&tbm=nws&uule=w+CAIQICIFaW5kaWE&gl=in&hl=en&start=50,7199607116460479489,200,,https://www.google.com/search?q=nvidia+stock&tbm=nws&uule=w+CAIQICIFaW5kaWE&gl=in&hl=en&start=50,6,"[{'url': 'https://finance.yahoo.com/news/nvidia-announces-10-1-stock-165831783.html', 'desc': 'Nvidia (NVDA), the semiconductor tech giant at the heart of the AI boom, \nannounced plans for a stock split Tuesday, May 22 that could make...', 'title': ""Nvidia announces 10-1 stock split. Here's what it means for investors"", 'source': 'Yahoo Finance', 'pos_overall': 1, 'relative_publish_date': '10 hours ago'}, {'url': 'https://www.barrons.com/articles/nvidia-ai-stock-intel-dow-average-d2851514', 'desc': ""'s blowout earnings show that the artificial-intelligence revolution isn't \nclose to peaking anytime soon. Nvidia is clearly a bellwether for..."", 'title': ""Hello Nvidia, Goodbye Intel? What the AI Stock's Split Could Mean for the \nDow."", 'source': ""Barron's"", 'pos_overall': 2, 'relative_publish_date': '7 hours ago'}, {'url': 'https://finance.yahoo.com/video/nvidia-announces-10-1-stock-155257208.html', 'desc': ""In Nvidia's (NVDA) broad earnings beat reported on Wednesday, the chip \ngiant announced a 10-for-1 stock split to be implemented for current..."", 'title': 'Nvidia announces 10-for-1 stock split. What does this mean?', 'source': 'Yahoo Finance', 'pos_overall': 3, 'relative_publish_date': '11 hours ago'}, {'url': 'https://www.thestreet.com/investing/stocks/analysts-overhaul-nvidia-price-targets-as-earnings-address-key-problem-', 'desc': ""Nvidia's one potential weakness was directly addressed by CEO Jensen Huang."", 'title': 'Analysts overhaul Nvidia stock price targets as earnings address key problem', 'source': 'TheStreet', 'pos_overall': 4, 'relative_publish_date': '13 hours ago'}, {'url': 'https://www.cnbc.com/2024/05/22/nvidia-announces-10-for-1-stock-split.html', 'desc': 'Alongside its quarterly earnings report on Wednesday, Nvidia announced a \n10-for-1 stock split in step with similar moves by other Big Tech...', 'title': 'Nvidia announces 10-for-1 stock split after AI-driven boom in share price', 'source': 'CNBC', 'pos_overall': 5, 'relative_publish_date': '1 day ago'}, {'url': 'https://www.investors.com/news/technology/nvidia-stock-nvda-fiscal-q1-2025-earnings/', 'desc': 'Nvidia stock jumped late, signaling a record high, after the AI chipmaker \ndelivered first-quarter results and second-quarter guidance.', 'title': 'Nvidia Stock Jumps To Record High On Q1 Earnings', 'source': ""Investor's Business Daily"", 'pos_overall': 6, 'relative_publish_date': '1 day ago'}, {'url': 'https://www.ft.com/content/75ac7f61-071a-437c-a35e-09f968c6a568', 'desc': ""Amazon's cloud computing arm has changed its plans to use Nvidia's most \nadvanced “superchip” to wait for a more powerful new model,..."", 'title': ""Amazon changes plans to order Nvidia 'superchip' to await updated model"", 'source': 'Financial Times', 'pos_overall': 7, 'relative_publish_date': '2 days ago'}, {'url': 'https://www.forbes.com/sites/dereksaul/2024/05/21/nvidia-stock-hits-record-high-ahead-of-blockbuster-earnings/', 'desc': 'Nvidia stock closed at a new all-time high Tuesday ahead of its hotly \nanticipated earnings report due this week, as the top investor pick...', 'title': 'Nvidia Stock Hits Record High Ahead Of Blockbuster Earnings', 'source': 'Forbes', 'pos_overall': 8, 'relative_publish_date': '2 days ago'}, {'url': 'https://www.investopedia.com/dow-jones-today-05222024-8652227', 'desc': ""U.S. stocks slid from record highs on Wednesday after the minutes of the \nFederal Reserve's May meeting highlighted officials' inflation..."", 'title': 'Dow Jones Today: Stocks Slip as Fed Minutes Spook Investors Ahead of Nvidia \nEarnings', 'source': 'Investopedia', 'pos_overall': 9, 'relative_publish_date': '1 day ago'}, {'url': 'https://www.wsj.com/tech/ai/nvidias-business-is-booming-heres-what-could-slow-it-down-fd5ffa14', 'desc': 'After tripling sales for three quarters, Nvidia faces new competition and a \nshifting AI market.', 'title': ""Nvidia's Business Is Booming. Here's What Could Slow It Down."", 'source': 'WSJ', 'pos_overall': 10, 'relative_publish_date': '6 hours ago'}]",,6,12000
2024-05-24 03:08:18,2024-05-24 03:08:25,7,https://www.google.com/search?q=nvidia+stock&tbm=nws&uule=w+CAIQICIFaW5kaWE&gl=in&hl=en&start=60,7199607116460479489,200,,https://www.google.com/search?q=nvidia+stock&tbm=nws&uule=w+CAIQICIFaW5kaWE&gl=in&hl=en&start=60,7,"[{'url': 'https://fortune.com/2024/05/22/nvidia-earnings-stock-split-jensen-huang-blackwell-ai/', 'desc': ""Markets breathed a sigh of relief after Nvidia's long-anticipated earnings \nreport comfortably beat expectations, with revenue up an..."", 'title': ""Nvidia announces threefold sales increase in another blowout earnings \nreport—'We're racing every day,' says CEO ..."", 'source': 'Fortune', 'pos_overall': 1, 'relative_publish_date': '1 day ago'}, {'url': 'https://www.ft.com/content/2ce59a81-61b7-4052-810e-8bdc425367e4', 'desc': 'Semiconductor maker also announces a 10-for-1 stock split after quarterly \nresults beat high expectations.', 'title': ""Nvidia's revenue soars 262% on record AI chip demand"", 'source': 'Financial Times', 'pos_overall': 2, 'relative_publish_date': '13 hours ago'}, {'url': 'https://www.wsj.com/livecoverage/stock-market-today-dow-jones-earnings-05-22-2024', 'desc': 'The S&P 500 and Nasdaq Composite retreated from their record highs.', 'title': 'Stock Market News, May 22, 2024: Nvidia Shares Rise After Earnings Top \nExpectations', 'source': 'WSJ', 'pos_overall': 3, 'relative_publish_date': '17 hours ago'}, {'url': 'https://www.ft.com/content/20697f42-83fa-423e-8678-dc1b4191a2fe', 'desc': 'Nvidia surpasses $2.5tn market cap on another set of blockbuster earnings.', 'title': 'US stocks sink as robust economic data offsets Nvidia cheer', 'source': 'Financial Times', 'pos_overall': 4, 'relative_publish_date': '7 hours ago'}, {'url': 'https://www.wsj.com/tech/nvidia-nvda-q1-earnings-report-2025-94306f1f', 'desc': ""CEO Jensen Huang gives better-than-expected outlook, saying demand remains \nstrong for the company's chips."", 'title': ""Nvidia's Sales Triple, Signaling AI Boom's Staying Power"", 'source': 'WSJ', 'pos_overall': 5, 'relative_publish_date': '17 hours ago'}, {'url': 'https://www.livemint.com/market/stock-market-news/indian-stock-market-5-key-things-that-changed-for-market-overnight-gift-nifty-to-nvidia-results-us-fed-meet-minutes-11716395643735.html', 'desc': 'Indian stock market: Gift Nifty today morning is trading flat to positive \nas Gift Nifty saw morning trade at 22671, up 21 points.', 'title': 'Indian stock market: 5 key things that changed for market overnight - Gift \nNifty to Nvidia results, US Fed meet minutes | Stock Market News', 'source': 'mint', 'pos_overall': 6, 'relative_publish_date': '1 day ago'}, {'url': 'https://www.cnbctv18.com/market/nvidia-q1-results-what-to-expect-from-ai-heavyweight-stock-chipmaker-earnings-19415878.htm', 'desc': 'Analysts predict earnings of $13.2 billion, equating to $5.62 per share, \nwith projected quarterly revenue of $24.6 billion.', 'title': ""What to expect from AI-heavyweight Nvidia's Q1 earnings"", 'source': 'cnbctv18', 'pos_overall': 7, 'relative_publish_date': '1 day ago'}, {'url': 'https://finance.yahoo.com/video/nvidia-stock-split-wont-change-140125043.html', 'desc': 'Nvidia (NVDA) issued its first quarter results on Wednesday afternoon, \nbeating Wall Street expectations and announcing a 10-for-1 stock...', 'title': ""Nvidia stock split won't change much, but still a buy: Analyst"", 'source': 'Yahoo Finance', 'pos_overall': 8, 'relative_publish_date': '13 hours ago'}, {'url': 'https://www.wsj.com/livecoverage/stock-market-today-dow-jones-earnings-05-22-2024/card/nvidia-earnings-what-to-watch-gT9ocnHyJbZTrkoCqgGx', 'desc': ""Nvidia shares rose in late trading after the company's latest quarterly \nresults beat analysts' expectations for sales and net income."", 'title': 'Nvidia Stock Rises After Earnings Beat Estimates, Company Announces \n10-for-1 Split', 'source': 'WSJ', 'pos_overall': 9, 'relative_publish_date': '1 day ago'}, {'url': 'https://www.investors.com/etfs-and-funds/sectors/sp500-how-much-10000-invested-in-nvidia-10-years-ago-is-worth-now/', 'desc': 'Shares of AI champion Nvidia keep racing higher. And now the money made on \nthe S&P 500 stock is at breathtaking levels.', 'title': 'How Much $10000 Invested In Nvidia 10 Years Ago Is Worth Now', 'source': ""Investor's Business Daily"", 'pos_overall': 10, 'relative_publish_date': '7 hours ago'}]",,7,12000
2024-05-24 03:08:18,2024-05-24 03:08:27,8,https://www.google.com/search?q=nvidia+stock&tbm=nws&uule=w+CAIQICIFaW5kaWE&gl=in&hl=en&start=70,7199607116460479489,200,,https://www.google.com/search?q=nvidia+stock&tbm=nws&uule=w+CAIQICIFaW5kaWE&gl=in&hl=en&start=70,8,"[{'url': 'https://www.investors.com/etfs-and-funds/sectors/sp500-how-much-10000-invested-in-nvidia-10-years-ago-is-worth-now/', 'desc': 'Shares of AI champion Nvidia keep racing higher. And now the money made on \nthe S&P 500 stock is at breathtaking levels.', 'title': 'How Much $10000 Invested In Nvidia 10 Years Ago Is Worth Now', 'source': ""Investor's Business Daily"", 'pos_overall': 1, 'relative_publish_date': '7 hours ago'}, {'url': 'https://www.cnbc.com/2024/05/22/nvidia-nvda-earnings-report-q1-2025-.html', 'desc': 'Nvidia reported fiscal first-quarter earnings on Wednesday that beat \nexpectations for sales and earnings, and the stock rose in extended...', 'title': 'Nvidia shares pass $1,000 for first time on AI-driven sales surge', 'source': 'CNBC', 'pos_overall': 2, 'relative_publish_date': '1 day ago'}, {'url': 'https://www.fool.com/investing/2024/05/23/nvidia-deliver-round-record-profit-ai-stock/', 'desc': ""Coming into Nvidia's (NVDA 9.32%) fiscal 2025 first-quarter earnings \nreport, expectations were sky-high. Nvidia stock has been the..."", 'title': 'Nvidia Did It Again. Is the AI Stock a Buy After Another Round of Record \nProfits?', 'source': 'The Motley Fool', 'pos_overall': 3, 'relative_publish_date': '14 hours ago'}, {'url': 'https://www.hindustantimes.com/business/jensen-huang-says-revolution-here-as-nvidia-ignites-140-billion-stock-rally-heres-why-101716429251589.html', 'desc': ""Nvidia CEO Jensen Huang said that this is the dawning of a new era as his \ncompany's market valuation skyrocketed, topping $2.3 trillion."", 'title': ""Jensen Huang says ‘revolution here' as Nvidia ignites $140 billion stock \nrally. Here's why"", 'source': 'Hindustan Times', 'pos_overall': 4, 'relative_publish_date': '1 day ago'}, {'url': 'https://www.cnbc.com/2024/05/23/investing-alternatives-to-chasing-nvidias-stock-using-options-after-its-blockbuster-report.html', 'desc': 'Mike Khouw reviews a margin of safety trade on Nvidia.', 'title': ""Investing alternatives to chasing Nvidia's stock using options after its \nblockbuster report"", 'source': 'CNBC', 'pos_overall': 5, 'relative_publish_date': '11 hours ago'}, {'url': 'https://www.investors.com/market-trend/stock-market-today/dow-jones-sp500-nasdaq-nvidia-nvda-stock-elf/', 'desc': 'The Dow Jones sank as Nasdaq reversed lower on Thursday. Nvidia stock was \nthe biggest gainer on the S&P 500 in the stock market today.', 'title': 'Dow Loses More Than 600 Points; Nvidia Outshines In The Stock Market Today', 'source': ""Investor's Business Daily"", 'pos_overall': 6, 'relative_publish_date': '7 hours ago'}, {'url': 'https://www.investopedia.com/investors-expect-the-best-from-nvidia-earnings-what-that-could-mean-for-the-stock-8651022', 'desc': ""Nvidia shares rose Monday ahead of the company's high-stakes first-quarter \nearnings report, which will come after markets close on Wednesday..."", 'title': 'Investors Expect the Best From Nvidia Earnings—What That Could Mean for the \nStock', 'source': 'Investopedia', 'pos_overall': 7, 'relative_publish_date': '3 days ago'}, {'url': 'https://www.usatoday.com/story/money/investing/2024/05/22/nvidia-stock-split-earnings-report/73808415007/', 'desc': 'Graphics and artificial intelligence company Nvidia announced a 10-for-one \nstock split as a part of its first quarter earnings release...', 'title': ""Nvidia announces 10-to-1 stock split: Here's everything to know"", 'source': 'USA Today', 'pos_overall': 8, 'relative_publish_date': '1 day ago'}, {'url': 'https://www.cnbc.com/2024/05/22/the-key-levels-to-watch-on-nvidias-stock-chart-with-its-big-earnings-report-almost-here.html', 'desc': 'Frank Cappelleri gives a full breakdown of Nvidia results ahead of the big \nearnings.', 'title': ""The key levels to watch on Nvidia's stock chart with its big earnings \nreport almost here"", 'source': 'CNBC', 'pos_overall': 9, 'relative_publish_date': '1 day ago'}, {'url': 'https://investorplace.com/2024/05/nvidia-stock-split-alert-what-a-10-for-1-nvda-split-means-for-you/', 'desc': ""An Nvidia stock split is scheduled for the first week of June, 2024. Here's \nwhy this is good news for investors and for NVDA stock."", 'title': 'Nvidia Stock Split Alert: What a 10-for-1 NVDA Split Means for You', 'source': 'InvestorPlace', 'pos_overall': 10, 'relative_publish_date': '12 hours ago'}]",,8,12000
2024-05-24 03:08:18,2024-05-24 03:08:28,9,https://www.google.com/search?q=nvidia+stock&tbm=nws&uule=w+CAIQICIFaW5kaWE&gl=in&hl=en&start=80,7199607116460479489,200,,https://www.google.com/search?q=nvidia+stock&tbm=nws&uule=w+CAIQICIFaW5kaWE&gl=in&hl=en&start=80,9,"[{'url': 'https://www.foxbusiness.com/markets/nvidia-shares-stock-split', 'desc': 'Nvidia is cashing in on the AI boom it has been driving by giving investors \na hefty 10-for-1 stock split as revenues continue to grow faster...', 'title': 'Nvidia announces 10-for-1 stock split, shares hit $1,000', 'source': 'Fox Business', 'pos_overall': 1, 'relative_publish_date': '14 hours ago'}, {'url': 'https://www.cnbc.com/2024/05/22/stock-market-today-live-updates.html', 'desc': 'Stocks declined Thursday as Wall Street assessed the latest quarterly \nresults from market bellwether Nvidia.', 'title': ""Dow falls 600 points in worst day of 2024 as Nvidia's blockbuster earnings \nfail to lift broader market: Live updates"", 'source': 'CNBC', 'pos_overall': 2, 'relative_publish_date': '7 hours ago'}, {'url': 'https://www.nasdaq.com/articles/stocks-fall-despite-nvidias-impressive-quarter', 'desc': 'The S&P 500 Index ($SPX ) (SPY ) today is down -0.70%, the Dow Jones \nIndustrials Index ($DOWI ) (DIA ) is down -1.53%, and the Nasdaq 100...', 'title': ""Stocks Fall Despite Nvidia's Impressive Quarter"", 'source': 'Nasdaq', 'pos_overall': 3, 'relative_publish_date': '9 hours ago'}, {'url': 'https://finance.yahoo.com/video/stocks-close-lower-dow-falls-201419915.html', 'desc': ""Stocks (^DJI, ^IXIC, ^GSPC) have reversed at Thursday's market close, \ninitially riding high off of Nvidia's (NVDA) fiscal first-quarter..."", 'title': 'Stocks close lower, Dow falls by 600 despite Nvidia earnings', 'source': 'Yahoo Finance', 'pos_overall': 4, 'relative_publish_date': '7 hours ago'}, {'url': 'https://www.investors.com/news/tesla-stock-nvidia-stock-jensen-huang/', 'desc': ""Tesla stock rose after Nvidia CEO Jensen Huang talked up Tesla's autonomous \ndriving efforts as his company eyes the auto industry's AI..."", 'title': ""Nvidia Chief Touts Auto Industry's AI Demand, Says Tesla 'Far Ahead'"", 'source': ""Investor's Business Daily"", 'pos_overall': 5, 'relative_publish_date': '7 hours ago'}, {'url': 'https://www.fool.com/investing/2024/05/20/stock-split-watch-is-nvidia-next/', 'desc': 'With its share price around $950, Nvidia could be a candidate for another \nstock split.', 'title': 'Stock Split Watch: Is Nvidia Next?', 'source': 'The Motley Fool', 'pos_overall': 6, 'relative_publish_date': '3 days ago'}, {'url': 'https://finance.yahoo.com/news/why-intel-stock-sliding-today-193224292.html', 'desc': 'A strong report from Nvidia seemed to be bad news for Intel.', 'title': 'Why Intel Stock Was Sliding Today', 'source': 'Yahoo Finance', 'pos_overall': 7, 'relative_publish_date': '8 hours ago'}, {'url': 'https://finance.yahoo.com/video/arista-networks-stock-pressured-nvidias-194142862.html', 'desc': 'Arista Networks (ANET) shares tumble after chip giant Nvidia (NVDA) blew \npast its fiscal first-quarter 2025 earnings expectations.', 'title': ""Arista Networks stock pressured by Nvidia's networking goals"", 'source': 'Yahoo Finance', 'pos_overall': 8, 'relative_publish_date': '7 hours ago'}, {'url': 'https://www.fool.com/investing/2024/05/23/10-shocking-points-nvidia-stock-investors-should-k/', 'desc': 'Nvidia is building a colossal cash position, but what will it do with it?', 'title': '10 Shocking Points Nvidia Stock Investors Should Know After Earnings', 'source': 'The Motley Fool', 'pos_overall': 9, 'relative_publish_date': '13 hours ago'}, {'url': 'https://finance.yahoo.com/video/nvidia-announces-stock-split-posts-210444345.html', 'desc': 'Nvidia (NVDA) made a lot of headlines while posting its fiscal 2025 first \nquarter results. The tech giant posted adjusted earnings per share...', 'title': 'Nvidia announces stock split, posts Q1 earnings beat', 'source': 'Yahoo Finance', 'pos_overall': 10, 'relative_publish_date': '1 day ago'}]",,9,12000
2024-05-24 03:08:18,2024-05-24 03:08:29,10,https://www.google.com/search?q=nvidia+stock&tbm=nws&uule=w+CAIQICIFaW5kaWE&gl=in&hl=en&start=90,7199607116460479489,200,,https://www.google.com/search?q=nvidia+stock&tbm=nws&uule=w+CAIQICIFaW5kaWE&gl=in&hl=en&start=90,10,"[{'url': 'https://www.reuters.com/markets/global-markets-wrapup-1-2024-05-23/', 'desc': ""U.S. stocks ended sharply lower on Thursday as enthusiasm over Nvidia's \nquarterly results faded and robust economic data fueled concerns..."", 'title': 'Wall Street tumbles as AI fervor dampened by rate jitters', 'source': 'Reuters', 'pos_overall': 1, 'relative_publish_date': '4 hours ago'}, {'url': 'https://qz.com/nvidia-earnings-q1-2024-1851494672', 'desc': ""The chipmaker's latest earnings smashed Wall Street expectations, and it \nalso announced a 10-to-1 stock split."", 'title': 'Nvidia teases a new chip as its stock clears $1000 for the first time', 'source': 'Quartz', 'pos_overall': 2, 'relative_publish_date': '1 day ago'}, {'url': 'https://www.investors.com/market-trend/stock-market-today/dow-jones-sp500-nasdaq-nvidia-earnings-nvda-stock/', 'desc': 'Stock Market Today: The Dow Jones dropped Thursday after jobless claims. \nNvidia stock surged above $1000 on strong earnings results.', 'title': 'Stock Market Today: Dow Jones Slides After Jobless Claims; Nvidia Surges On \nEarnings', 'source': ""Investor's Business Daily"", 'pos_overall': 3, 'relative_publish_date': '13 hours ago'}, {'url': 'https://www.fxstreet.com/news/nvidia-stock-earnings-preview-nvda-advances-ahead-of-wednesdays-q1-results-202405201532', 'desc': ""Nvidia (NVDA) is set to unveil its first-quarter fiscal 2025 results on \nWednesday after the close, and that's the main thing on the docket..."", 'title': 'Nvidia Stock Earnings Preview: NVDA advances ahead of Wednesday’s Q1 results', 'source': 'FXStreet', 'pos_overall': 4, 'relative_publish_date': '3 days ago'}, {'url': 'https://www.cnbc.com/2024/05/24/cio-shares-nvidia-alternative-ai-stocks-theres-another-way-to-play-this.html', 'desc': 'Nvidia is showing no signs of slowing down, but there are other ways to \nplay the AI trend, according to a CIO, who recommends ""old economy""...', 'title': ""CIO shares Nvidia alternatives to cash in on the AI theme: 'There's another \nway to play this'"", 'source': 'CNBC', 'pos_overall': 5, 'relative_publish_date': '3 hours ago'}, {'url': 'https://www.barrons.com/articles/nvidia-earnings-stock-ai-d1845d84', 'desc': ""The year-ago quarter was Nvidia's last flat sales period, before demand for \nits artificial intelligence chips ignited."", 'title': ""Nvidia Stock Powers to Record Highs. Why There's Still 'Gas in the Tank'."", 'source': ""Barron's"", 'pos_overall': 6, 'relative_publish_date': '13 hours ago'}, {'url': 'https://finance.yahoo.com/news/3-reasons-buy-nvidia-stock-110000403.html', 'desc': 'If you want to bet on generative artificial intelligence (AI), there is \nstill no better pick than Nvidia (NASDAQ: NVDA).', 'title': '3 Reasons to Buy Nvidia Stock Right Now (and 1 Reason to Sell)', 'source': 'Yahoo Finance', 'pos_overall': 7, 'relative_publish_date': '1 day ago'}, {'url': 'https://www.investors.com/market-trend/the-big-picture/stock-market-nvidia-earnings-nvda/', 'desc': 'The stock market reversed lower Thursday, even as Nvidia stock soared to \nall-time highs. Netflix is among the best stocks to watch.', 'title': 'Stock Market Reverses Lower Despite Hot Nvidia Earnings', 'source': ""Investor's Business Daily"", 'pos_overall': 8, 'relative_publish_date': '5 hours ago'}, {'url': 'https://www.marketwatch.com/story/nvidias-stock-surge-at-odds-with-the-s-p-500-to-a-degree-not-seen-in-8-years-c49022f8', 'desc': ""Nvidia has been a big driver of the market over the past year. But its \nmight wasn't enough on Thursday, as the chip stock saw big gains..."", 'title': 'Nvidia’s stock surge at odds with the S&P 500 — to a degree not seen in 8 \nyears', 'source': 'MarketWatch', 'pos_overall': 9, 'relative_publish_date': '6 hours ago'}, {'url': 'https://www.cnbc.com/2024/05/23/top-stocks-to-watch-on-wall-street-like-nvidia.html', 'desc': '2024 CNBC LLC. All Rights Reserved. A Division of NBCUniversal. Data is a \nreal-time snapshot *Data is delayed at least 15 minutes.', 'title': 'Top stocks to watch on Wall Street like Nvidia', 'source': 'CNBC', 'pos_overall': 10, 'relative_publish_date': '15 hours ago'}]",,10,12000
2024-05-24 03:08:18,2024-05-24 03:08:30,11,https://www.google.com/search?q=nvidia+stock&tbm=nws&uule=w+CAIQICIFaW5kaWE&gl=in&hl=en&start=100,7199607116460479489,200,,https://www.google.com/search?q=nvidia+stock&tbm=nws&uule=w+CAIQICIFaW5kaWE&gl=in&hl=en&start=100,11,"[{'url': 'https://www.wsj.com/livecoverage/stock-market-today-dow-jones-05-20-2024/card/traders-brace-for-another-dizzying-swing-in-nvidia-shares-NF8fVdgJZidwI5dFySLk', 'desc': 'Traders are betting on another mammoth move in Nvidia shares this week. \nPricing in the options market shows that traders are wagering on a...', 'title': 'Traders Brace for a Big Swing in Nvidia Stock After Earnings', 'source': 'WSJ', 'pos_overall': 1, 'relative_publish_date': '3 days ago'}, {'url': 'https://www.investors.com/research/magnificent-seven-stocks-to-buy-and-and-watch/', 'desc': ""Magnificent Seven stocks, including AI leader Nvidia, are among the best \nstocks to watch in today's stock market."", 'title': 'Magnificent Seven Stocks: Nvidia Stock Soars 10% On Earnings; Apple, Tesla \nSlide', 'source': ""Investor's Business Daily"", 'pos_overall': 2, 'relative_publish_date': '9 hours ago'}, {'url': 'https://www.marketwatch.com/livecoverage/nvidia-earnings-stock-ai-expectations-results-revenue-q1', 'desc': ""Nvidia reported fiscal first-quarter earnings on Wednesday, beating Wall \nStreet's expectations. MarketWatch broke down the results live."", 'title': ""Nvidia earnings: Stock gains as Nvidia's outlook impresses yet again"", 'source': 'MarketWatch', 'pos_overall': 3, 'relative_publish_date': '1 day ago'}, {'url': 'https://qz.com/nvidia-reports-earnings-what-expect-blackwell-ai-chips-1851485538', 'desc': ""Wall Street is expecting a strong showing from Nvidia's first quarter \nearnings, but some analysts are worried about a slowdown in demand for..."", 'title': ""Nvidia earnings are coming as the stock rises. Here's what to expect"", 'source': 'Quartz', 'pos_overall': 4, 'relative_publish_date': '2 days ago'}, {'url': 'https://www.marketwatch.com/story/nvidias-stock-is-a-bargain-provided-this-pattern-continues-20ddefa8', 'desc': ""Nvidia's stock is trading lower to expected profit than it did three years \nago, before its AI-related sales exploded."", 'title': 'Nvidia’s stock is a bargain — provided this pattern continues', 'source': 'MarketWatch', 'pos_overall': 5, 'relative_publish_date': '3 days ago'}, {'url': 'https://www.investors.com/market-trend/stock-market-today/dow-jones-futures-target-but-here-comes-nvidia/', 'desc': 'Dow Jones futures: The Nasdaq hit a new high Tuesday but Target tumbled \nearly Wednesday. Will Nvidia earnings tonight meet lofty hopes?', 'title': 'Dow Jones Futures Fall As Target Tumbles; Nvidia Looms Over Stock Market', 'source': ""Investor's Business Daily"", 'pos_overall': 6, 'relative_publish_date': '1 day ago'}, {'url': 'https://thespectator.com/topic/nvidia-stock-keep-rising/', 'desc': 'In the latest quarter alone Nvidia delivered revenues of $26 billion, well \nahead of the $24 billion that was forecast.', 'title': 'Can Nvidia stock keep rising?', 'source': 'The Spectator World', 'pos_overall': 7, 'relative_publish_date': '13 hours ago'}, {'url': 'https://finance.yahoo.com/video/why-analyst-says-nvidia-not-213435366.html', 'desc': 'The moment markets have been eagerly awaiting has finally arrived. Nvidia \n(NVDA) has released its first quarter earnings report,...', 'title': 'Why this analyst says Nvidia is not a stock to buy', 'source': 'Yahoo Finance', 'pos_overall': 8, 'relative_publish_date': '1 day ago'}, {'url': 'https://www.fool.com/investing/2024/05/22/nvidia-announces-a-10-for-1-stock-split-heres-what/', 'desc': 'This marks the largest stock split to date for the chipmaker.', 'title': ""Nvidia Announces a 10-for-1 Stock Split. Here's What Investors Need to Know."", 'source': 'The Motley Fool', 'pos_overall': 9, 'relative_publish_date': '1 day ago'}, {'url': 'https://www.investors.com/market-trend/stock-market-today/dow-jones-sp500-nasdaq-nvidia-stock-nvda-earnings/', 'desc': 'The Dow Jones fell Monday, as Nvidia stock rallied on the stock market \ntoday after a number of price-target hikes.', 'title': 'Stock Market Today: Dow Jones Falls As Nvidia Rallies On Price-Target Hikes', 'source': ""Investor's Business Daily"", 'pos_overall': 10, 'relative_publish_date': '3 days ago'}]",,11,12000
2024-05-24 03:08:18,2024-05-24 03:08:31,12,https://www.google.com/search?q=nvidia+stock&tbm=nws&uule=w+CAIQICIFaW5kaWE&gl=in&hl=en&start=110,7199607116460479489,200,,https://www.google.com/search?q=nvidia+stock&tbm=nws&uule=w+CAIQICIFaW5kaWE&gl=in&hl=en&start=110,12,"[{'url': 'https://www.investors.com/news/technology/nvidia-stock-nvda-fiscal-q1-2025-earnings-preview/', 'desc': 'With Nvidia stock trading near its all-time high, investors are wondering \nif it has enough oxygen to continue its ascent.', 'title': 'Nvidia Stock Near Buy Point Ahead Of Q1 Report', 'source': ""Investor's Business Daily"", 'pos_overall': 1, 'relative_publish_date': '3 days ago'}, {'url': 'https://finance.yahoo.com/news/nvidia-tops-1-000-heres-174544105.html', 'desc': 'Shares of Nvidia (NASDAQ: NVDA) were soaring again after the GPU superstar \nposted better-than-expected results in its first-quarter earnings...', 'title': ""Nvidia Tops $1,000. Here's Why the AI Stock Was Soaring Today."", 'source': 'Yahoo Finance', 'pos_overall': 2, 'relative_publish_date': '9 hours ago'}, {'url': 'https://www.investors.com/market-trend/stock-market-today/dow-jones-sp500-nasdaq-fed-minutes-nvidia-stock-nvda/', 'desc': 'Stock Market Today: The Dow Jones fell Wednesday ahead of Federal Reserve \nminutes. Nvidia earnings are up next.', 'title': 'Stock Market Today: Dow Jones Falls Ahead Of Fed Minutes; Nvidia Earnings \nNext', 'source': ""Investor's Business Daily"", 'pos_overall': 3, 'relative_publish_date': '1 day ago'}, {'url': 'https://www.cnn.com/2024/05/22/business/nvidias-stock-split-earnings-results/index.html', 'desc': 'Nvidia announced a 10-for-1 stock split on Wednesday, making buying shares \nin the red-hot semiconductor company more accessible for...', 'title': 'Nvidia’s incredibly pricey shares are about to get much cheaper', 'source': 'CNN', 'pos_overall': 4, 'relative_publish_date': '1 day ago'}, {'url': 'https://www.fool.com/investing/2024/05/21/why-nvidia-stock-sustain-stunning-bull-run/', 'desc': ""One analyst predicts Nvidia's data center business will see massive growth \nthanks to its new AI chips."", 'title': ""Here's Why Nvidia Stock Could Sustain Its Stunning Bull Run After May 22"", 'source': 'The Motley Fool', 'pos_overall': 5, 'relative_publish_date': '2 days ago'}, {'url': 'https://finance.yahoo.com/news/stock-market-reclaims-record-highs-160703206.html', 'desc': 'On Thursday, Wall Street opened the session with significant milestones as \nthe S&P 500 and the Nasdaq 100 indices surged to new record highs...', 'title': ""Stock Market Reclaims Record Highs, Nvidia Tops $1,000 As AI-Driven Rally \nResumes: Thursday's Top Movers"", 'source': 'Yahoo Finance', 'pos_overall': 6, 'relative_publish_date': '11 hours ago'}, {'url': 'https://finance.yahoo.com/news/live/stock-market-today-stocks-add-to-losses-as-nvidia-rally-fails-to-lift-broader-market-133030256.html', 'desc': ""Nvidia's blockbuster earnings have fired up optimism for AI's ability to \nfuel growth, eclipsing rate-hike worries for now."", 'title': 'Stock market today: Stocks slide despite Nvidia earnings blowout', 'source': 'Yahoo Finance', 'pos_overall': 7, 'relative_publish_date': '8 hours ago'}, {'url': 'https://www.axios.com/2024/05/22/nvidia-earnings-report-q1-fy25', 'desc': 'Nvidia\'s CEO Jensen Huang said Wednesday that demand for generative \nartificial intelligence training is ""accelerating,"" as the AI-chip...', 'title': 'Nvidia stock tops $1000 after strong earnings, 10-1 split announcement', 'source': 'Axios', 'pos_overall': 8, 'relative_publish_date': '1 day ago'}, {'url': 'https://www.barrons.com/articles/tesla-stock-buy-sell-trading-range-3800409c', 'desc': 'Nvidia announces a big dividend hike and 10-for-1 stock split with its \nearnings report on Wednesday.', 'title': 'Tesla Got a Mention From Nvidia. Its Stock Is Down Anyway.', 'source': ""Barron's"", 'pos_overall': 9, 'relative_publish_date': '12 hours ago'}, {'url': 'https://apnews.com/article/nvidia-ai-chips-earnings-1c306de9f737f5bd8b82058e179093cf', 'desc': 'Nvidia overshot Wall Street estimates as its quarterly profit skyrocketed, \nbolstered by its chip-making dominance.', 'title': 'Nvidia earnings: Profit soars, underscoring its dominance in chips for AI', 'source': 'AP News', 'pos_overall': 10, 'relative_publish_date': '1 day ago'}]",,12,12000
2024-05-24 03:08:18,2024-05-24 03:08:32,13,https://www.google.com/search?q=nvidia+stock&tbm=nws&uule=w+CAIQICIFaW5kaWE&gl=in&hl=en&start=120,7199607116460479489,200,,https://www.google.com/search?q=nvidia+stock&tbm=nws&uule=w+CAIQICIFaW5kaWE&gl=in&hl=en&start=120,13,"[{'url': 'https://finance.yahoo.com/news/nvidia-stock-pops-9-tops-1000-after-earnings-beat-forecasts-it-announces-stock-split-and-dividend-hike-202405420.html', 'desc': 'Nvidia (NVDA) stock surged as much as 9% on Thursday, trading north of \n$1,000 in early trade and giving the chip giant a market cap above...', 'title': 'Nvidia stock pops 9%, tops $1,000 after earnings beat forecasts, it \nannounces stock split and dividend hike', 'source': 'Yahoo Finance', 'pos_overall': 1, 'relative_publish_date': '16 hours ago'}, {'url': 'https://www.fool.com/investing/2024/05/19/why-is-nvidias-stock-price-so-high/', 'desc': ""Just five years ago, Nvidia's (NVDA 9.72%) share price was less than $50. \nBut since then, the leading maker of graphics processing units..."", 'title': ""Why Is Nvidia's Stock Price So High?"", 'source': 'The Motley Fool', 'pos_overall': 2, 'relative_publish_date': '4 days ago'}, {'url': 'https://finance.yahoo.com/video/stocks-slide-post-nvidia-q1-204659649.html', 'desc': ""Despite the anticipation that Nvidia's (NVDA) earnings would contribute to \nmarket growth, stocks (^DJI, ^IXIC, ^GSPC) are sliding as the..."", 'title': 'Stocks slide post Nvidia Q1 beat: What investors should do now', 'source': 'Yahoo Finance', 'pos_overall': 3, 'relative_publish_date': '6 hours ago'}, {'url': 'https://www.forbes.com/sites/roberthart/2024/05/23/nvidia-shares-soar-after-stellar-earnings-along-with-chip-stocks/', 'desc': 'Nvidia is on track to pass the $1000 per share milestone when markets open \non Thursday after reporting stellar profits on Wednesday.', 'title': 'AI Boom Drives Chip Stock Rally After Nvidia Smashes Wall Street \nExpectations', 'source': 'Forbes', 'pos_overall': 4, 'relative_publish_date': '17 hours ago'}, {'url': 'https://finance.yahoo.com/news/nvidia-stock-pops-4-after-results-guidance-top-estimates-202405522.html', 'desc': 'Nvidia (NVDA) reported first quarter earnings after the bell on Wednesday \nthat topped expectations while also announcing a 10-for-1 stock...', 'title': 'Nvidia stock pops 4% after earnings beat forecasts, announcing stock split \nand dividend hike', 'source': 'Yahoo Finance', 'pos_overall': 5, 'relative_publish_date': '1 day ago'}, {'url': 'https://www.fool.com/investing/2024/05/19/buy-nvidia-stock-artificial-intelligence-ai/', 'desc': 'The artificial intelligence (AI) rockstar is poised to report earnings on \nWednesday. Will the stock rally higher? Nvidia (NVDA -0.46%) has...', 'title': 'Should You Buy Nvidia Stock Before Wednesday?', 'source': 'The Motley Fool', 'pos_overall': 6, 'relative_publish_date': '4 days ago'}, {'url': 'https://www.wsj.com/finance/stocks/global-stocks-markets-dow-news-05-23-2024-8b89891c', 'desc': ""Nvidia's stellar quarter boosted the chip maker's shares Thursday, but \nfailed to lift the broader U.S. stock market."", 'title': ""Stocks Drop Despite Nvidia's Big Rally"", 'source': 'WSJ', 'pos_overall': 7, 'relative_publish_date': '6 hours ago'}, {'url': 'https://www.thestreet.com/investing/stocks/stock-market-today-nvidia-set-to-power-s-p-500-nasdaq-to-record-highs', 'desc': 'Stocks are set for another record-setting session following a blowout \nfirst-quarter earnings report from AI chipmaker Nvidia.', 'title': 'Stock Market Today: Nvidia soars, stocks edge lower on inflation risks', 'source': 'TheStreet', 'pos_overall': 8, 'relative_publish_date': '7 hours ago'}, {'url': 'https://www.ft.com/content/c42f645c-bd76-4ecc-b048-565218f06a61', 'desc': ""Traders are bracing for big swings in Nvidia's share price and wider \nfinancial markets when the chipmaking giant reports first-quarter..."", 'title': 'Traders brace for big swings in Nvidia shares', 'source': 'Financial Times', 'pos_overall': 9, 'relative_publish_date': '1 day ago'}, {'url': 'https://www.investors.com/news/technology/nvidia-stock-semiconductor-stocks-ai-chips-qualcomm-lam-research/', 'desc': ""Nvidia stock wavered on a report that Amazon had halted orders of Nvidia's \ncurrent data center processors to wait for a more powerful model."", 'title': 'Nvidia Stock, Semiconductor Stocks Moving On News', 'source': ""Investor's Business Daily"", 'pos_overall': 10, 'relative_publish_date': '2 days ago'}]",,13,12000
2024-05-24 03:08:18,2024-05-24 03:08:33,14,https://www.google.com/search?q=nvidia+stock&tbm=nws&uule=w+CAIQICIFaW5kaWE&gl=in&hl=en&start=130,7199607116460479489,200,,https://www.google.com/search?q=nvidia+stock&tbm=nws&uule=w+CAIQICIFaW5kaWE&gl=in&hl=en&start=130,14,"[{'url': 'https://www.investing.com/news/stock-market-news/asian-stocks-sink-as-uschina-trade-jitters-offset-nvidia-tech-boost-3453317', 'desc': 'Investing.com-- Most Asian stocks fell on Thursday with Chinese markets \nleading declines as a trade war with the U.S. appeared to be heating...', 'title': 'Asian stocks sink as US-China trade jitters offset Nvidia tech boost', 'source': 'Investing.com', 'pos_overall': 1, 'relative_publish_date': '24 hours ago'}, {'url': 'https://watcher.guru/news/nvidia-announces-101-stock-split-following-q1-earnings-report', 'desc': 'Following its Q1 2024 earnings announcement Wednesday, Nvidia announced \nthat it will establish a 10-for-1 stock split.', 'title': 'Nvidia Announces 10:1 Stock Split Following Q1 Earnings Report', 'source': 'Watcher Guru', 'pos_overall': 2, 'relative_publish_date': '1 day ago'}, {'url': 'https://www.fool.com/investing/2024/05/21/should-you-follow-billionaire-stanley-druckenmille/', 'desc': 'Nvidia (NVDA 0.64%) has been the hottest stock of the artificial \nintelligence (AI) boom, jumping more than 500% since the start of 2023,...', 'title': 'Should You Follow Billionaire Stanley Druckenmiller and Sell Nvidia Stock \nBefore Thursday?', 'source': 'The Motley Fool', 'pos_overall': 3, 'relative_publish_date': '2 days ago'}, {'url': 'https://www.cnbc.com/2024/05/22/nvda-alternatives-if-nvidia-beats-estimates-these-6-ai-stocks-tend-to-rise.html', 'desc': 'Five U.S.-listed stocks and one Japan-listed company have risen between 6% \nand 33% after Nvidia revealed bumper earnings in the past.', 'title': 'When Nvidia beats estimates, these 6 AI stocks tend to rise', 'source': 'CNBC', 'pos_overall': 4, 'relative_publish_date': '2 days ago'}, {'url': 'https://www.cnbc.com/2024/05/22/nvidia-crushes-earnings-expectations-charts-continued-ai-dominance.html', 'desc': 'Jensen Huang, co-founder and chief executive officer of Nvidia Corp., \nduring the Nvidia GPU Technology Conference (GTC) in San Jose,...', 'title': 'Nvidia crushes sky-high expectations and charts continued AI-driven \ndominance for years to come', 'source': 'CNBC', 'pos_overall': 5, 'relative_publish_date': '1 day ago'}, {'url': 'https://www.reuters.com/technology/earnings-ai-heavyweight-nvidia-test-us-stocks-record-run-2024-05-22/', 'desc': 'Earnings from semiconductor bellwether Nvidia on Wednesday are set to \nprovide the latest test for a U.S. stock market rally that has taken...', 'title': ""Earnings from AI-heavyweight Nvidia to test US stocks' record run"", 'source': 'Reuters', 'pos_overall': 6, 'relative_publish_date': '1 day ago'}, {'url': 'https://markets.businessinsider.com/news/stocks/stock-market-today-nvidia-jumps-excitement-builds-q1-nvda-earnings-2024-5', 'desc': 'A 4% decline in JPMorgan stock weighed on the Dow, while a nearly 3% gain \nin Nvidia helped power the Nasdaq 100 higher.', 'title': 'Stock Market Today: Nvidia Jumps As Excitement Builds Ahead of Earnings', 'source': 'markets.businessinsider.com', 'pos_overall': 7, 'relative_publish_date': '3 days ago'}, {'url': 'https://www.investors.com/market-trend/stock-market-today/dow-jones-sp500-nasdaq-nvidia-google-microsoft/', 'desc': ""Stocks were little changed, but tech took the lead as investors awaited the \nFed minutes. Nvidia's Q1 results are due at market close."", 'title': 'Indexes Close Lower As Fed Minutes Reveal These Fears; Nvidia Rises After \nEarnings', 'source': ""Investor's Business Daily"", 'pos_overall': 8, 'relative_publish_date': '1 day ago'}, {'url': 'https://thehill.com/policy/technology/4682121-nvidia-stocks-high-earnings-stock-split/', 'desc': 'Shares of chipmaker Nvidia reached an all-time high Thursday after the \ncompany reported better-than-expected first quarter earnings and...', 'title': 'Nvidia stock reaches all-time high after strong earnings, share split', 'source': 'The Hill', 'pos_overall': 9, 'relative_publish_date': '10 hours ago'}, {'url': 'https://finance.yahoo.com/news/super-micro-computer-stock-fell-203001683.html', 'desc': ""Nvidia's blockbuster quarterly report resulted in a day of volatile trading \nfor Supermicro stock."", 'title': ""Super Micro Computer Stock Fell Today Despite Nvidia's Blockbuster Quarter \n-- Is This a Buying Opportunity?"", 'source': 'Yahoo Finance', 'pos_overall': 10, 'relative_publish_date': '7 hours ago'}]",,14,12000
