created_at,updated_at,page,url,job_id,status_code,parser_type,content.url,content.page,content.results.main,content.results.total_results_count,content.parse_status_code
2024-05-23 21:14:28,2024-05-23 21:14:41,2,https://www.google.com/search?q=nvidia+stock&tbm=nws&uule=w+CAIQICINdW5pdGVkIHN0YXRlcw&gl=us&hl=en&start=10,7199518069574623233,200,,https://www.google.com/search?q=nvidia+stock&tbm=nws&uule=w+CAIQICINdW5pdGVkIHN0YXRlcw&gl=us&hl=en&start=10,2,"[{'url': 'https://www.investors.com/news/technology/nvidia-stock-breaks-out-on-q1-beat-and-raise-report/', 'desc': 'AI chip leader Nvidia topped even Wall Street\'s elevated ""whisper numbers"" \nwith its fiscal Q1 results and guidance. Nvidia stock rose.', 'title': 'Nvidia Stock Breaks Out On Jaw-Dropping Q1 Results, Outlook', 'source': ""Investor's Business Daily"", 'pos_overall': 1, 'relative_publish_date': '56 minutes ago'}, {'url': 'https://www.wsj.com/livecoverage/stock-market-today-dow-jones-earnings-05-23-2024/card/why-is-nvidia-splitting-its-stock-and-what-will-the-10-for-1-split-mean--eWfPUbLYiRzTtr7XWoiB', 'desc': ""Alongside another blockbuster earnings report, Nvidia said it planned to \nsplit its stock. Here's a look at what that means: Why is Nvidia..."", 'title': ""What Nvidia's 10-for-1 Stock Split Will Mean for Investors"", 'source': 'WSJ', 'pos_overall': 2, 'relative_publish_date': '3 hours ago'}, {'url': 'https://www.investopedia.com/nvidia-10-for-1-stock-split-is-coming-what-you-need-to-know-8652922', 'desc': 'Nvidia announced a 10-for-1 forward stock split along with its blockbuster \nearnings report Wednesday. Stock splits increase the number of...', 'title': ""Nvidia's 10-for-1 Stock Split Is Coming—What You Need To Know"", 'source': 'Investopedia', 'pos_overall': 3, 'relative_publish_date': '3 hours ago'}, {'url': 'https://finance.yahoo.com/news/ai-heavyweight-nvidia-forecasts-quarterly-202236454.html', 'desc': 'Shares of Nvidia surged over 9% on Thursday, building on a stunning rally \nas its bumper revenue forecast reinforced investor confidence in...', 'title': 'Nvidia adds over $200 billion in market value in post-earnings rally', 'source': 'Yahoo Finance', 'pos_overall': 4, 'relative_publish_date': '20 minutes ago'}, {'url': 'https://www.axios.com/2024/05/22/nvidia-earnings-report-q1-fy25', 'desc': 'Nvidia\'s CEO Jensen Huang said Wednesday that demand for generative \nartificial intelligence training is ""accelerating,"" as the AI-chip...', 'title': 'Nvidia stock tops $1000 after strong earnings, 10-1 split announcement', 'source': 'Axios', 'pos_overall': 5, 'relative_publish_date': '3 hours ago'}, {'url': 'https://www.fool.com/investing/2024/05/23/nvda-stock-earnings-stock-split-ai-stocks/', 'desc': 'In fiscal Q1, the tech giant continued to experience powerful demand for \nits products and services that enable artificial intelligence (AI)...', 'title': 'Nvidia Stock Pops on Blockbuster Earnings Report and Stock Split Plan', 'source': 'The Motley Fool', 'pos_overall': 6, 'relative_publish_date': '8 hours ago'}, {'url': 'https://www.morningstar.com/markets/what-does-nvidias-stock-split-mean-investors', 'desc': 'Semiconductor firm Nvidia NVDA announced a 10-for-1 stock split along with \nits blowout first-quarter earnings results on Wednesday.', 'title': ""What Does Nvidia's Stock Split Mean for Investors?"", 'source': 'Morningstar', 'pos_overall': 7, 'relative_publish_date': '5 hours ago'}, {'url': 'https://www.barrons.com/articles/nvidia-earnings-stock-price-479e7016', 'desc': ""Microsoft and Google's combined capital expenditure is expected to top $100 \nbillion next year. These companies will benefit from that..."", 'title': 'Nvidia Stock Rises on Strong Earnings', 'source': ""Barron's"", 'pos_overall': 8, 'relative_publish_date': '4 hours ago'}, {'url': 'https://www.cnbc.com/2024/05/23/what-nvidia-stock-split-means-for-investors.html', 'desc': 'Nvidia released its fiscal first-quarter earnings report on Wednesday, \nalong with news of a planned 10-for-1 stock split.', 'title': ""What Nvidia's 10-for-1 stock split means for investors—it's mostly \npsychological"", 'source': 'CNBC', 'pos_overall': 9, 'relative_publish_date': '4 hours ago'}, {'url': 'https://nvidianews.nvidia.com/news/nvidia-announces-financial-results-for-first-quarter-fiscal-2025', 'desc': 'NVIDIA today reported revenue for the first quarter ended April 28, 2024, \nof $26.0 billion, up 18% from the previous quarter and up 262%...', 'title': 'NVIDIA Announces Financial Results for First Quarter Fiscal 2025', 'source': 'NVIDIA Newsroom', 'pos_overall': 10, 'relative_publish_date': '1 day ago'}]",2,12000
2024-05-23 21:14:28,2024-05-23 21:14:43,3,https://www.google.com/search?q=nvidia+stock&tbm=nws&uule=w+CAIQICINdW5pdGVkIHN0YXRlcw&gl=us&hl=en&start=20,7199518069574623233,200,,https://www.google.com/search?q=nvidia+stock&tbm=nws&uule=w+CAIQICINdW5pdGVkIHN0YXRlcw&gl=us&hl=en&start=20,3,"[{'url': 'https://www.businessinsider.com/nvidia-stock-price-split-earnings-ai-tech-microchips-investing-index-2024-5', 'desc': 'Nvidia announced a 10-for-1 stock split with the goal of making its $1000 \nshares more accessible to employees and investors.', 'title': 'Investing in Nvidia will get a whole lot cheaper after stock split', 'source': 'Business Insider', 'pos_overall': 1, 'relative_publish_date': '7 hours ago'}, {'url': 'https://thehill.com/policy/technology/4682121-nvidia-stocks-high-earnings-stock-split/', 'desc': 'Shares of chipmaker Nvidia reached an all-time high Thursday after the \ncompany reported better-than-expected first quarter earnings and...', 'title': 'Nvidia stock reaches all-time high after strong earnings, share split', 'source': 'The Hill', 'pos_overall': 2, 'relative_publish_date': '4 hours ago'}, {'url': 'https://www.foxbusiness.com/markets/nvidia-shares-stock-split', 'desc': 'Nvidia is cashing in on the AI boom it has been driving by giving investors \na hefty 10-for-1 stock split as revenues continue to grow faster...', 'title': 'Nvidia announces 10-for-1 stock split, shares hit $1,000', 'source': 'Fox Business', 'pos_overall': 3, 'relative_publish_date': '8 hours ago'}, {'url': 'https://www.reuters.com/technology/ai-heavyweight-nvidia-forecasts-quarterly-revenue-above-estimates-2024-05-22/', 'desc': 'Nvidia forecast quarterly revenue above estimates on Wednesday and \nannounced a stock split, lifting its shares to record-high territory and...', 'title': 'Nvidia forecasts quarterly revenue above estimates, unveils stock split', 'source': 'Reuters', 'pos_overall': 4, 'relative_publish_date': '16 hours ago'}, {'url': 'https://finance.yahoo.com/news/nvidia-stock-pops-11-tops-1000-after-earnings-beat-forecasts-announces-stock-split-and-dividend-hike-202405359.html', 'desc': 'Nvidia (NVDA) stock rose 9.3% on Thursday, closing above $1,000 for the \nfirst time and giving the chip giant a market cap north of $2.5...', 'title': 'Nvidia stock pops 9%, tops $1,000 after earnings beat forecasts, announces \nstock split and dividend hike', 'source': 'Yahoo Finance', 'pos_overall': 5, 'relative_publish_date': '1 hour ago'}, {'url': 'https://www.fool.com/investing/2024/05/23/10-shocking-points-nvidia-stock-investors-should-k/', 'desc': 'Nvidia is building a colossal cash position, but what will it do with it?', 'title': '10 Shocking Points Nvidia Stock Investors Should Know After Earnings', 'source': 'The Motley Fool', 'pos_overall': 6, 'relative_publish_date': '7 hours ago'}, {'url': 'https://www.investors.com/research/nvda-stock-is-nvidia-a-buy/', 'desc': 'Nvidia (NVDA) gapped to record highs after first-quarter results beat \nestimates yet again late Wednesday. Shares have cleared the...', 'title': 'Nvidia Passes Test As Q1 Results Impress; Is It A Buy Now?', 'source': ""Investor's Business Daily"", 'pos_overall': 7, 'relative_publish_date': '6 hours ago'}, {'url': 'https://finance.yahoo.com/video/nvidia-stock-split-wont-change-140125043.html', 'desc': 'Nvidia (NVDA) issued its first quarter results on Wednesday afternoon, \nbeating Wall Street expectations and announcing a 10-for-1 stock...', 'title': ""Nvidia stock split won't change much, but still a buy: Analyst"", 'source': 'Yahoo Finance', 'pos_overall': 8, 'relative_publish_date': '7 hours ago'}, {'url': 'https://finance.yahoo.com/news/nvidia-stock-pops-7-to-top-1000-after-earnings-beat-forecasts-it-announces-stock-split-and-dividend-hike-202405568.html', 'desc': ""Nvidia reported its fiscal first quarter earnings after the bell on \nWednesday, beating analysts' expectations on the top and bottom lines..."", 'title': 'Nvidia stock pops 7% to top $1,000 after earnings beat forecasts, it \nannounces stock split and dividend hike', 'source': 'Yahoo Finance', 'pos_overall': 9, 'relative_publish_date': '13 hours ago'}, {'url': 'https://www.marketwatch.com/livecoverage/nvidia-stock-earnings-reaction-price-ai-chip-blackwell', 'desc': 'Nvidia shares are gaining Thursday in the face of upbeat results and \ncommentary from the chip giant. Follow along live as MarketWatch breaks...', 'title': 'Nvidia earnings: Stock charges above $1,000 as optimism builds', 'source': 'MarketWatch', 'pos_overall': 10, 'relative_publish_date': '2 hours ago'}]",3,12000
2024-05-23 21:14:28,2024-05-23 21:14:44,4,https://www.google.com/search?q=nvidia+stock&tbm=nws&uule=w+CAIQICINdW5pdGVkIHN0YXRlcw&gl=us&hl=en&start=30,7199518069574623233,200,,https://www.google.com/search?q=nvidia+stock&tbm=nws&uule=w+CAIQICINdW5pdGVkIHN0YXRlcw&gl=us&hl=en&start=30,4,"[{'url': 'https://www.investors.com/market-trend/stock-market-today/dow-jones-futures-nvidia-earnings-nvda-stock/', 'desc': 'Dow Jones futures: Nvidia earnings boomed and the CEO touted the ""next \nindustrial revolution."" NVDA stock jumped and other AI plays rose.', 'title': 'Dow Jones Futures Rise; Nvidia Stock Tops 1,000 On Earnings, Other AI Plays \nRally', 'source': ""Investor's Business Daily"", 'pos_overall': 1, 'relative_publish_date': '9 hours ago'}, {'url': 'https://apnews.com/article/nvidia-artificial-intelligence-chips-stock-market-value-f1d89b8ec62f3a8556e332a46c39507c', 'desc': ""Nvidia's stock price has jumped 92% this year as of Wednesday, increasing \nthe company's market value by more than $1 trillion."", 'title': ""Nvidia's stock market value is up $1 trillion in 2024. How it rose to AI \nprominence, by the numbers"", 'source': 'AP News', 'pos_overall': 2, 'relative_publish_date': '4 hours ago'}, {'url': 'https://www.cnbc.com/2024/05/23/what-nvidias-stock-split-means-for-retail-investors.html', 'desc': ""Wall Street weighs in on Nvidia's 10-for-1 stock split and what it could \nmean for shares."", 'title': ""What Nvidia's stock split means for retail investors"", 'source': 'CNBC', 'pos_overall': 3, 'relative_publish_date': '8 hours ago'}, {'url': 'https://investorplace.com/2024/05/nvidia-stock-split-alert-what-a-10-for-1-nvda-split-means-for-you/', 'desc': ""An Nvidia stock split is scheduled for the first week of June, 2024. Here's \nwhy this is good news for investors and for NVDA stock."", 'title': 'Nvidia Stock Split Alert: What a 10-for-1 NVDA Split Means for You', 'source': 'InvestorPlace', 'pos_overall': 4, 'relative_publish_date': '6 hours ago'}, {'url': 'https://finance.yahoo.com/news/nvidia-announces-10-1-stock-165831783.html', 'desc': 'Nvidia (NVDA), the semiconductor tech giant at the heart of the AI boom, \nannounced plans for a stock split Tuesday, May 22 that could make...', 'title': ""Nvidia announces 10-1 stock split. Here's what it means for investors"", 'source': 'Yahoo Finance', 'pos_overall': 5, 'relative_publish_date': '4 hours ago'}, {'url': 'https://www.thestreet.com/investing/stocks/analysts-overhaul-nvidia-price-targets-as-earnings-address-key-problem-', 'desc': ""Nvidia's one potential weakness was directly addressed by CEO Jensen Huang."", 'title': 'Analysts overhaul Nvidia stock price targets as earnings address key problem', 'source': 'TheStreet', 'pos_overall': 6, 'relative_publish_date': '8 hours ago'}, {'url': 'https://www.investopedia.com/where-is-nvidia-stock-price-headed-after-post-earnings-pop-8652786', 'desc': 'Nvidia shares jumped more than 6% in extended hours trading Wednesday \nevening after the AI darling delivered another blowout quarterly...', 'title': 'Where is Nvidia Stock Price Headed After Post-Earnings Pop?', 'source': 'Investopedia', 'pos_overall': 7, 'relative_publish_date': '19 hours ago'}, {'url': 'https://finance.yahoo.com/video/nvidia-announces-10-1-stock-155257208.html', 'desc': ""In Nvidia's (NVDA) broad earnings beat reported on Wednesday, the chip \ngiant announced a 10-for-1 stock split to be implemented for current..."", 'title': 'Nvidia announces 10-for-1 stock split. What does this mean?', 'source': 'Yahoo Finance', 'pos_overall': 8, 'relative_publish_date': '5 hours ago'}, {'url': 'https://finance.yahoo.com/news/nvidia-stock-still-buy-just-160452892.html', 'desc': ""Nvidia's (NASDAQ: NVDA) latest earnings report was arguably the most highly \nanticipated of this earnings season."", 'title': 'Is Nvidia Stock Still a Buy After It Just Popped Again?', 'source': 'Yahoo Finance', 'pos_overall': 9, 'relative_publish_date': '5 hours ago'}, {'url': 'https://www.barrons.com/articles/nvidia-ai-stock-intel-dow-average-d2851514', 'desc': ""'s blowout earnings show that the artificial-intelligence revolution isn't \nclose to peaking anytime soon. Nvidia is clearly a bellwether for..."", 'title': ""Hello Nvidia, Goodbye Intel? What the AI Stock's Split Could Mean for the \nDow."", 'source': ""Barron's"", 'pos_overall': 10, 'relative_publish_date': '58 minutes ago'}]",4,12000
2024-05-23 21:14:28,2024-05-23 21:14:45,5,https://www.google.com/search?q=nvidia+stock&tbm=nws&uule=w+CAIQICINdW5pdGVkIHN0YXRlcw&gl=us&hl=en&start=40,7199518069574623233,200,,https://www.google.com/search?q=nvidia+stock&tbm=nws&uule=w+CAIQICINdW5pdGVkIHN0YXRlcw&gl=us&hl=en&start=40,5,"[{'url': 'https://finance.yahoo.com/news/nvidia-stock-pops-blockbuster-earnings-130139104.html', 'desc': ""Shares of Nvidia (NASDAQ: NVDA) jumped 6.1% in after-hours trading on \nWednesday following the artificial intelligence (AI) tech leader's..."", 'title': 'Nvidia Stock Pops on Blockbuster Earnings Report and Stock Split Plan', 'source': 'Yahoo Finance', 'pos_overall': 1, 'relative_publish_date': '8 hours ago'}, {'url': 'https://finance.yahoo.com/news/10-shocking-points-nvidia-stock-143045932.html', 'desc': ""In today's video, I discuss recent updates impacting Nvidia (NASDAQ: NVDA). \nCheck out the short video to learn more, consider subscribing,..."", 'title': '10 Shocking Points Nvidia Stock Investors Should Know After Earnings', 'source': 'Yahoo Finance', 'pos_overall': 2, 'relative_publish_date': '7 hours ago'}, {'url': 'https://apnews.com/article/nvidia-ai-chips-earnings-1c306de9f737f5bd8b82058e179093cf', 'desc': 'Nvidia overshot Wall Street estimates as its quarterly profit skyrocketed, \nbolstered by its chip-making dominance.', 'title': 'Nvidia earnings: Profit soars, underscoring its dominance in chips for AI', 'source': 'AP News', 'pos_overall': 3, 'relative_publish_date': '19 hours ago'}, {'url': 'https://www.forbes.com/sites/jimosman/2024/05/22/nvidia-are-splitting-10-for-1-heres-what-it-means-and-how-to-profit/', 'desc': ""Nvidia announced a 10-for-1 forward stock split in today's first-quarter \nearnings report."", 'title': 'Nvidia Stock Is Splitting 10-For-1: What It Means And How To Profit', 'source': 'Forbes', 'pos_overall': 4, 'relative_publish_date': '21 hours ago'}, {'url': 'https://www.barrons.com/livecoverage/stock-market-today-052324', 'desc': 'Stocks pulled back in afternoon trading after a hotter-than-expected \nmanufacturing survey sparked worries over interest rates.', 'title': 'Dow Down 600 Points Today, Nasdaq Surges on Nvidia Earnings, and More Stock \nMarket News', 'source': ""Barron's"", 'pos_overall': 5, 'relative_publish_date': 'LIVE'}, {'url': 'https://www.usatoday.com/story/money/investing/2024/05/22/nvidia-stock-split-earnings-report/73808415007/', 'desc': 'Graphics and artificial intelligence company Nvidia announced a 10-for-one \nstock split as a part of its first quarter earnings release...', 'title': ""Nvidia announces 10-to-1 stock split: Here's everything to know"", 'source': 'USA Today', 'pos_overall': 6, 'relative_publish_date': '22 hours ago'}, {'url': 'https://www.investing.com/news/stock-market-news/nvidia-tops-1000-a-share-in-afterhours-trading-on-strong-outlook-stock-split-3452885', 'desc': ""Investing.com -- Shares in Nvidia (NASDAQ:NVDA) gained more than 9% in \nThursday trading after the semiconductor group's much-anticipated..."", 'title': 'Nvidia shares rise more than 9% following latest revenue surge', 'source': 'Investing.com', 'pos_overall': 7, 'relative_publish_date': '12 hours ago'}, {'url': 'https://www.investors.com/news/technology/nvidia-rosy-outlook-data-center-networking-chips-pressures-arista/', 'desc': 'Arista stock fell amid rosy commentary by Nvidia management on its \nnetworking business on its Q1 earnings call with analysts.', 'title': ""Nvidia's Rosy Outlook On Data Center Networking Chips Pressures Arista"", 'source': ""Investor's Business Daily"", 'pos_overall': 8, 'relative_publish_date': '5 hours ago'}, {'url': 'https://www.investors.com/research/stock-screener-stocks-to-buy-watch/', 'desc': 'Featuring Nvidia, Cava, Chipotle and more, this stock screener highlights \ntop-rated stocks to watch right now.', 'title': 'Stock Screener: Nvidia Leads List Of Stocks To Watch', 'source': ""Investor's Business Daily"", 'pos_overall': 9, 'relative_publish_date': '4 hours ago'}, {'url': 'https://www.investors.com/news/technology/nvidia-stock-nvda-fiscal-q1-2025-earnings/', 'desc': 'Nvidia stock jumped late, signaling a record high, after the AI chipmaker \ndelivered first-quarter results and second-quarter guidance.', 'title': 'Nvidia Stock Jumps To Record High On Q1 Earnings', 'source': ""Investor's Business Daily"", 'pos_overall': 10, 'relative_publish_date': '22 hours ago'}]",5,12000
2024-05-23 21:14:28,2024-05-23 21:14:47,6,https://www.google.com/search?q=nvidia+stock&tbm=nws&uule=w+CAIQICINdW5pdGVkIHN0YXRlcw&gl=us&hl=en&start=50,7199518069574623233,200,,https://www.google.com/search?q=nvidia+stock&tbm=nws&uule=w+CAIQICINdW5pdGVkIHN0YXRlcw&gl=us&hl=en&start=50,6,"[{'url': 'https://www.marketwatch.com/livecoverage/nvidia-earnings-stock-ai-expectations-results-revenue-q1', 'desc': ""Nvidia reported fiscal first-quarter earnings on Wednesday, beating Wall \nStreet's expectations. MarketWatch broke down the results live."", 'title': ""Nvidia earnings: Stock gains as Nvidia's outlook impresses yet again"", 'source': 'MarketWatch', 'pos_overall': 1, 'relative_publish_date': '21 hours ago'}, {'url': 'https://www.fool.com/investing/2024/05/23/nvidia-deliver-round-record-profit-ai-stock/', 'desc': ""Coming into Nvidia's (NVDA 8.82%) fiscal 2025 first-quarter earnings \nreport, expectations were sky-high. Nvidia stock has been the..."", 'title': 'Nvidia Did It Again. Is the AI Stock a Buy After Another Round of Record \nProfits?', 'source': 'The Motley Fool', 'pos_overall': 2, 'relative_publish_date': '8 hours ago'}, {'url': 'https://www.investing.com/news/stock-market-news/nvidia-stock-10-wall-street-analysts-discuss-earnings-outlook-3454004', 'desc': 'Nvidia (NASDAQ:NVDA) stock surpassed $1,000 for the first time in extended \ntrading on Wednesday after the chipmaker reported fiscal...', 'title': 'Nvidia stock: 10 Wall Street analysts discuss earnings, outlook', 'source': 'Investing.com', 'pos_overall': 3, 'relative_publish_date': '10 hours ago'}, {'url': 'https://www.investors.com/news/tesla-stock-nvidia-stock-jensen-huang/', 'desc': ""Tesla stock rose after Nvidia CEO Jensen Huang talked up Tesla's autonomous \ndriving efforts as his company eyes the auto industry's AI..."", 'title': ""Nvidia Chief Touts Auto Industry's AI Demand, Says Tesla 'Far Ahead'"", 'source': ""Investor's Business Daily"", 'pos_overall': 4, 'relative_publish_date': '6 hours ago'}, {'url': 'https://finance.yahoo.com/news/live/stock-market-today-stocks-add-to-losses-as-nvidia-rally-fails-to-lift-broader-market-133030256.html', 'desc': ""Nvidia's blockbuster earnings have fired up optimism for AI's ability to \nfuel growth, eclipsing rate-hike worries for now."", 'title': 'Stock market today: Stocks slide despite Nvidia earnings blowout', 'source': 'Yahoo Finance', 'pos_overall': 5, 'relative_publish_date': '2 hours ago'}, {'url': 'https://www.investors.com/research/magnificent-seven-stocks-to-buy-and-and-watch/', 'desc': ""Magnificent Seven stocks, including AI leader Nvidia, are among the best \nstocks to watch in today's stock market."", 'title': 'Magnificent Seven Stocks: Nvidia Stock Falls Ahead Of Earnings', 'source': ""Investor's Business Daily"", 'pos_overall': 6, 'relative_publish_date': '5 hours ago'}, {'url': 'https://www.investopedia.com/how-an-earnings-fueled-move-in-nvidia-stock-price-could-affect-the-broader-market-8652271', 'desc': 'Nvidia is set to report first-quarter earnings after markets close \nWednesday, with analysts and traders anticipating moves in the...', 'title': ""How an Earnings-Fueled Move in Nvidia's Stock Price Could Affect the \nBroader Market"", 'source': 'Investopedia', 'pos_overall': 7, 'relative_publish_date': '1 day ago'}, {'url': 'https://www.thestreet.com/technology/nvidias-stock-surges-following-latest-earnings-report', 'desc': ""Nvidia's stock rallied nearly 5% in post-market trading on May 22 after CEO \nJensen Huang delivered another “beat and raise” quarter."", 'title': ""Nvidia's stock surges following latest earnings report"", 'source': 'TheStreet', 'pos_overall': 8, 'relative_publish_date': '22 hours ago'}, {'url': 'https://www.thestreet.com/investing/stocks/stock-market-today-nvidia-set-to-power-s-p-500-nasdaq-to-record-highs', 'desc': 'Stocks are set for another record-setting session following a blowout \nfirst-quarter earnings report from AI chipmaker Nvidia.', 'title': 'Stock Market Today: Nvidia soars, stocks edge lower on inflation risks', 'source': 'TheStreet', 'pos_overall': 9, 'relative_publish_date': '46 minutes ago'}, {'url': 'https://www.cnbc.com/2024/05/23/investing-alternatives-to-chasing-nvidias-stock-using-options-after-its-blockbuster-report.html', 'desc': 'Mike Khouw reviews a margin of safety trade on Nvidia.', 'title': ""Investing alternatives to chasing Nvidia's stock using options after its \nblockbuster report"", 'source': 'CNBC', 'pos_overall': 10, 'relative_publish_date': '5 hours ago'}]",6,12000
2024-05-23 21:14:28,2024-05-23 21:14:52,7,https://www.google.com/search?q=nvidia+stock&tbm=nws&uule=w+CAIQICINdW5pdGVkIHN0YXRlcw&gl=us&hl=en&start=60,7199518069574623233,200,,https://www.google.com/search?q=nvidia+stock&tbm=nws&uule=w+CAIQICINdW5pdGVkIHN0YXRlcw&gl=us&hl=en&start=60,7,"[{'url': 'https://www.wsj.com/livecoverage/stock-market-today-dow-jones-earnings-05-22-2024', 'desc': 'The S&P 500 and Nasdaq Composite retreated from their record highs.', 'title': 'Stock Market News, May 22, 2024: Nvidia Shares Rise After Earnings Top \nExpectations', 'source': 'WSJ', 'pos_overall': 1, 'relative_publish_date': '11 hours ago'}, {'url': 'https://www.fool.com/investing/2024/05/23/why-intel-stock-was-sliding-today/', 'desc': 'A strong report from Nvidia seemed to be bad news for Intel.', 'title': 'Why Intel Stock Was Sliding Today', 'source': 'The Motley Fool', 'pos_overall': 2, 'relative_publish_date': '2 hours ago'}, {'url': 'https://www.wsj.com/livecoverage/stock-market-today-dow-jones-earnings-05-22-2024/card/nvidia-earnings-what-to-watch-gT9ocnHyJbZTrkoCqgGx', 'desc': ""Nvidia shares rose in late trading after the company's latest quarterly \nresults beat analysts' expectations for sales and net income."", 'title': 'Nvidia Stock Rises After Earnings Beat Estimates, Company Announces \n10-for-1 Split', 'source': 'WSJ', 'pos_overall': 3, 'relative_publish_date': '1 day ago'}, {'url': 'https://www.cnbc.com/2024/05/22/stock-market-today-live-updates.html', 'desc': 'Stocks declined Thursday as Wall Street assessed the latest quarterly \nresults from market bellwether Nvidia.', 'title': ""Dow falls 600 points in worst day of 2024 as Nvidia's blockbuster earnings \nfail to lift broader market: Live updates"", 'source': 'CNBC', 'pos_overall': 4, 'relative_publish_date': 'LIVE'}, {'url': 'https://www.cnbc.com/2024/05/22/nvidia-announces-10-for-1-stock-split.html', 'desc': 'Alongside its quarterly earnings report on Wednesday, Nvidia announced a \n10-for-1 stock split in step with similar moves by other Big Tech...', 'title': 'Nvidia announces 10-for-1 stock split after AI-driven boom in share price', 'source': 'CNBC', 'pos_overall': 5, 'relative_publish_date': '1 day ago'}, {'url': 'https://www.barrons.com/articles/tesla-stock-buy-sell-trading-range-3800409c', 'desc': 'Nvidia announced a big dividend hike and 10 for 1 stock split with its \nearnings report on Wednesday.', 'title': 'Tesla Got a Mention From Nvidia. Its Stock Is Down Anyway.', 'source': ""Barron's"", 'pos_overall': 6, 'relative_publish_date': '7 hours ago'}, {'url': 'https://finance.yahoo.com/news/nvidia-corp-nvda-best-ai-132743962.html', 'desc': 'Billionaire Steve Cohen is one of the few hedge fund managers who almost \nalways dazzles with his outperformance and prescient bets.', 'title': 'Nvidia Corp (NVDA): Best AI Stock To Buy According to Billionaire Steve \nCohen?', 'source': 'Yahoo Finance', 'pos_overall': 7, 'relative_publish_date': '8 hours ago'}]",7,12000
2024-05-23 21:14:28,2024-05-23 21:14:53,8,https://www.google.com/search?q=nvidia+stock&tbm=nws&uule=w+CAIQICINdW5pdGVkIHN0YXRlcw&gl=us&hl=en&start=70,7199518069574623233,200,,https://www.google.com/search?q=nvidia+stock&tbm=nws&uule=w+CAIQICINdW5pdGVkIHN0YXRlcw&gl=us&hl=en&start=70,8,"[{'url': 'https://www.reuters.com/markets/us/futures-muted-nvidia-results-fed-minutes-test-wall-sts-record-run-2024-05-22/', 'desc': ""U.S. stocks fell on Wednesday as investors digested minutes of the Federal \nReserve's most recent meeting but Nvidia's shares rose about 6%..."", 'title': 'Stocks fall after Fed minutes; Nvidia shares climb after the bell', 'source': 'Reuters', 'pos_overall': 1, 'relative_publish_date': '23 hours ago'}, {'url': 'https://www.investopedia.com/nvidia-earnings-surge-pulls-up-nasdaq-chip-etfs-and-others-in-ai-ecosystem-8652850', 'desc': ""Nvidia shares surged following the chipmaker's better-than-expecting \nearnings report, boosting major indexes and exchange-traded funds..."", 'title': 'Nvidia Earnings Surge Pulls Up Nasdaq, Chip ETFs, and Others in AI Ecosystem', 'source': 'Investopedia', 'pos_overall': 2, 'relative_publish_date': '6 hours ago'}, {'url': 'https://www.investors.com/research/ibd-stock-analysis/microsoft-stock-msft-nvidia-servicenow/', 'desc': 'Magnificent Seven stocks like Amazon.com (AMZN), Alphabet (GOOGL), Nvidia \n(NVDA) and even a rebounding Apple (AAPL) continue to make good on...', 'title': 'Microsoft Stock Copilots AI Boom With ServiceNow As Nvidia Smashes Targets \nAgain', 'source': ""Investor's Business Daily"", 'pos_overall': 3, 'relative_publish_date': '7 hours ago'}, {'url': 'https://finance.yahoo.com/video/why-analyst-says-nvidia-not-213435366.html', 'desc': 'The moment markets have been eagerly awaiting has finally arrived. Nvidia \n(NVDA) has released its first quarter earnings report,...', 'title': 'Why this analyst says Nvidia is not a stock to buy', 'source': 'Yahoo Finance', 'pos_overall': 4, 'relative_publish_date': '24 hours ago'}, {'url': 'https://www.fool.com/investing/2024/05/22/3-reasons-to-buy-nvidia-stock-now-and-1-reason-to/', 'desc': 'This fast-growing chipmaker has a lot of advantages. But there is one big \nrisk investors should be aware of.', 'title': '3 Reasons to Buy Nvidia Stock Right Now (and 1 Reason to Sell)', 'source': 'The Motley Fool', 'pos_overall': 5, 'relative_publish_date': '1 day ago'}, {'url': 'https://www.fool.com/investing/2024/05/21/nvidia-stock-just-got-spectacular-news-from-super/', 'desc': 'AI server demand is expected to continue to drive revenue growth for Nvidia.', 'title': 'Nvidia Stock Just Got Spectacular News From Super Micro and Dell \nTechnologies', 'source': 'The Motley Fool', 'pos_overall': 6, 'relative_publish_date': '2 days ago'}, {'url': 'https://markets.businessinsider.com/news/stocks/nvidia-stock-price-q1-earnings-10-for-1-stock-split-2024-5', 'desc': 'Nvidia announced a 10-for-1 stock split and increased its quarterly \ndividend by 150% from $0.04 to $0.10 per share.', 'title': 'Nvidia Stock Price Jumps After Big Earnings Beat, 10-for-1 Stock Split', 'source': 'markets.businessinsider.com', 'pos_overall': 7, 'relative_publish_date': '1 day ago'}, {'url': 'https://www.marketwatch.com/story/nvidias-stock-is-a-bargain-provided-this-pattern-continues-20ddefa8', 'desc': ""Nvidia's stock is trading lower to expected profit than it did three years \nago, before its AI-related sales exploded."", 'title': 'Nvidia’s stock is a bargain — provided this pattern continues', 'source': 'MarketWatch', 'pos_overall': 8, 'relative_publish_date': '3 days ago'}, {'url': 'https://www.wsj.com/tech/ai/nvidias-business-is-booming-heres-what-could-slow-it-down-fd5ffa14', 'desc': 'After tripling sales for three quarters, Nvidia faces new competition and a \nshifting AI market.', 'title': ""Nvidia's Business Is Booming. Here's What Could Slow It Down."", 'source': 'WSJ', 'pos_overall': 9, 'relative_publish_date': '6 hours ago'}, {'url': 'https://www.investors.com/news/technology/nvidia-stock-semiconductor-stocks-ai-chips-qualcomm-lam-research/', 'desc': ""Nvidia stock wavered on a report that Amazon had halted orders of Nvidia's \ncurrent data center processors to wait for a more powerful model."", 'title': 'Nvidia Stock, Semiconductor Stocks Moving On News', 'source': ""Investor's Business Daily"", 'pos_overall': 10, 'relative_publish_date': '1 day ago'}]",8,12000
2024-05-23 21:14:28,2024-05-23 21:14:54,9,https://www.google.com/search?q=nvidia+stock&tbm=nws&uule=w+CAIQICINdW5pdGVkIHN0YXRlcw&gl=us&hl=en&start=80,7199518069574623233,200,,https://www.google.com/search?q=nvidia+stock&tbm=nws&uule=w+CAIQICINdW5pdGVkIHN0YXRlcw&gl=us&hl=en&start=80,9,"[{'url': 'https://www.forbes.com/sites/dereksaul/2024/05/22/nvidia-earnings-stock-rallies-as-ai-giant-reports-600-profit-explosion/', 'desc': 'Nvidia again shattered Wall Street forecasts in its anxiously awaited \nearnings report Wednesday afternoon, sending shares of the chip...', 'title': 'Nvidia Earnings: Stock Rallies As AI Giant Reports 600% Profit Explosion, \nStock Split', 'source': 'Forbes', 'pos_overall': 1, 'relative_publish_date': '1 day ago'}, {'url': 'https://finance.yahoo.com/video/nvidia-announces-stock-split-posts-210444345.html', 'desc': 'Nvidia (NVDA) made a lot of headlines while posting its fiscal 2025 first \nquarter results. The tech giant posted adjusted earnings per share...', 'title': 'Nvidia announces stock split, posts Q1 earnings beat', 'source': 'Yahoo Finance', 'pos_overall': 2, 'relative_publish_date': '1 day ago'}, {'url': 'https://finance.yahoo.com/news/nvidia-stock-pops-4-after-results-guidance-top-estimates-202405522.html', 'desc': 'Nvidia (NVDA) reported first quarter earnings after the bell on Wednesday \nthat topped expectations while also announcing a 10-for-1 stock...', 'title': 'Nvidia stock pops 4% after earnings beat forecasts, announcing stock split \nand dividend hike', 'source': 'Yahoo Finance', 'pos_overall': 3, 'relative_publish_date': '1 day ago'}, {'url': 'https://www.forbes.com/sites/dereksaul/2024/05/21/nvidia-stock-hits-record-high-ahead-of-blockbuster-earnings/', 'desc': 'Nvidia stock closed at a new all-time high Tuesday ahead of its hotly \nanticipated earnings report due this week, as the top investor pick...', 'title': 'Nvidia Stock Hits Record High Ahead Of Blockbuster Earnings', 'source': 'Forbes', 'pos_overall': 4, 'relative_publish_date': '2 days ago'}, {'url': 'https://finance.yahoo.com/news/nvidia-stock-retreats-from-record-high-ahead-of-crucial-first-quarter-earnings-report-133813203.html', 'desc': ""Nvidia (NVDA) reported its fiscal first quarter earnings after the bell on \nWednesday, beating Wall Street's expectations on both the top and..."", 'title': 'Nvidia stock retreats from record high ahead of crucial first quarter \nearnings report', 'source': 'Yahoo Finance', 'pos_overall': 5, 'relative_publish_date': '1 day ago'}, {'url': 'https://www.investors.com/news/technology/nvidia-stock-nvda-fiscal-q1-2025-earnings-preview/', 'desc': 'With Nvidia stock trading near its all-time high, investors are wondering \nif it has enough oxygen to continue its ascent.', 'title': 'Nvidia Stock Near Buy Point Ahead Of Q1 Report', 'source': ""Investor's Business Daily"", 'pos_overall': 6, 'relative_publish_date': '2 days ago'}, {'url': 'https://www.fool.com/investing/2024/05/19/why-is-nvidias-stock-price-so-high/', 'desc': ""Just five years ago, Nvidia's (NVDA 9.72%) share price was less than $50. \nBut since then, the leading maker of graphics processing units..."", 'title': ""Why Is Nvidia's Stock Price So High?"", 'source': 'The Motley Fool', 'pos_overall': 7, 'relative_publish_date': '4 days ago'}, {'url': 'https://finance.yahoo.com/news/whats-going-nvidia-supplier-taiwan-132909693.html', 'desc': 'On Thursday, Taiwanese contract chipmaker Taiwan Semiconductor \nManufacturing Co (NYSE:TSM) projected a 10% annual revenue growth in the...', 'title': ""What's Going On With Nvidia Supplier Taiwan Semi Stock On Thursday?"", 'source': 'Yahoo Finance', 'pos_overall': 8, 'relative_publish_date': '8 hours ago'}, {'url': 'https://www.wsj.com/livecoverage/stock-market-today-dow-jones-05-20-2024/card/traders-brace-for-another-dizzying-swing-in-nvidia-shares-NF8fVdgJZidwI5dFySLk', 'desc': 'Traders are betting on another mammoth move in Nvidia shares this week. \nPricing in the options market shows that traders are wagering on a...', 'title': 'Traders Brace for a Big Swing in Nvidia Stock After Earnings', 'source': 'WSJ', 'pos_overall': 9, 'relative_publish_date': '2 days ago'}]",9,12000
2024-05-23 21:14:28,2024-05-23 21:14:57,10,https://www.google.com/search?q=nvidia+stock&tbm=nws&uule=w+CAIQICINdW5pdGVkIHN0YXRlcw&gl=us&hl=en&start=90,7199518069574623233,200,,https://www.google.com/search?q=nvidia+stock&tbm=nws&uule=w+CAIQICINdW5pdGVkIHN0YXRlcw&gl=us&hl=en&start=90,10,"[{'url': 'https://www.thestreet.com/investing/stocks/nvidia-stock-hinges-on-5-key-things-in-its-earnings-report', 'desc': 'Nvidia is primed for a big move after its fiscal-first-quarter earnings \nreport Wednesday.', 'title': 'Nvidia stock hinges on 5 key things in its earnings report', 'source': 'TheStreet', 'pos_overall': 1, 'relative_publish_date': '1 day ago'}, {'url': 'https://www.fool.com/investing/2024/05/21/why-nvidia-stock-sustain-stunning-bull-run/', 'desc': ""One analyst predicts Nvidia's data center business will see massive growth \nthanks to its new AI chips."", 'title': ""Here's Why Nvidia Stock Could Sustain Its Stunning Bull Run After May 22"", 'source': 'The Motley Fool', 'pos_overall': 2, 'relative_publish_date': '2 days ago'}, {'url': 'https://markets.businessinsider.com/news/stocks/stock-market-today-nvidia-q1-earnings-split-chips-ai-blackwell-2024-5', 'desc': ""Stocks jumped Thursday with investors feeling buoyant after Nvidia's big \nfirst-quarter earnings report. The chip maker beat revenue and..."", 'title': ""Stock Market Today: Indexes Pop After Nvidia's Blowout Earnings Report"", 'source': 'markets.businessinsider.com', 'pos_overall': 3, 'relative_publish_date': '8 hours ago'}, {'url': 'https://apnews.com/article/stock-market-china-inflation-rates-e13634fc3292c49b2261fd51bb344e14', 'desc': 'Most U.S. stocks slumped Thursday after strong economic reports raised the \npossibility of interest rates staying painfully high.', 'title': ""Stock market today: Dow slides 600 points as worries about rates overshadow \nNvidia's blowout profit"", 'source': 'AP News', 'pos_overall': 4, 'relative_publish_date': '2 hours ago'}, {'url': 'https://www.barrons.com/articles/nvidia-stock-price-earnings-buy-sell-db2aeebb', 'desc': 'Nvidia announces a big dividend hike and 10-for-1 stock split with its \nearnings report on Wednesday.', 'title': 'Nvidia Stock Gains Ahead of Earnings. Why the Numbers Could Wow.', 'source': ""Barron's"", 'pos_overall': 5, 'relative_publish_date': '3 days ago'}, {'url': 'https://finance.yahoo.com/news/demand-is-just-so-strong-nvidia-ceo-jensen-huang-tells-yahoo-finance-supply-cant-keep-up-012653951.html', 'desc': ""Nvidia's quarterly results blew away estimates again on Wednesday, and as \nthe company moves to its next-generation chips its CEO sees supply..."", 'title': ""'Demand is just so strong': Nvidia CEO Jensen Huang tells Yahoo Finance \nsupply can't keep up"", 'source': 'Yahoo Finance', 'pos_overall': 6, 'relative_publish_date': '7 hours ago'}, {'url': 'https://www.cnbc.com/2024/05/23/more-tech-stocks-are-set-to-benefit-from-nvidias-gain-analysts-say.html', 'desc': ""Analysts see positive effects for multiple other companies as a result of \nNvidia's growth and blowout earnings."", 'title': ""More tech stocks are set to benefit from Nvidia's gain, according to \nanalysts. Here's a lineup"", 'source': 'CNBC', 'pos_overall': 7, 'relative_publish_date': '6 hours ago'}, {'url': 'https://www.investopedia.com/investors-expect-the-best-from-nvidia-earnings-what-that-could-mean-for-the-stock-8651022', 'desc': ""Nvidia shares rose Monday ahead of the company's high-stakes first-quarter \nearnings report, which will come after markets close on Wednesday..."", 'title': 'Investors Expect the Best From Nvidia Earnings—What That Could Mean for the \nStock', 'source': 'Investopedia', 'pos_overall': 8, 'relative_publish_date': '3 days ago'}, {'url': 'https://www.marketwatch.com/livecoverage/nvidia-earnings-stock-ai-expectations-results-revenue-q1/card/nvidia-s-stock-trading-lower-into-the-report-pBPOZzph5HfhWgFe7ZRR?mod=mw_quote_news', 'desc': ""Nvidia shares have pulled back from record levels in Wednesday action, \nahead of the company's fiscal first-quarter earnings report."", 'title': ""Nvidia's stock trading lower into the report"", 'source': 'MarketWatch', 'pos_overall': 9, 'relative_publish_date': '19 hours ago'}, {'url': 'https://finance.yahoo.com/news/why-super-micro-computer-stock-181802261.html', 'desc': ""See why the stock surged after Nvidia's impressive earnings report."", 'title': 'Why Super Micro Computer Stock Soared on Thursday Morning', 'source': 'Yahoo Finance', 'pos_overall': 10, 'relative_publish_date': '3 hours ago'}]",10,12000
2024-05-23 21:14:28,2024-05-23 21:14:58,11,https://www.google.com/search?q=nvidia+stock&tbm=nws&uule=w+CAIQICINdW5pdGVkIHN0YXRlcw&gl=us&hl=en&start=100,7199518069574623233,200,,https://www.google.com/search?q=nvidia+stock&tbm=nws&uule=w+CAIQICINdW5pdGVkIHN0YXRlcw&gl=us&hl=en&start=100,11,"[{'url': 'https://finbold.com/analysts-revise-nvidia-stock-price-targets-after-earnings/', 'desc': ""With a double beat on Q1 earnings, Nvidia surpassed analysts' expectations \nwhich are now providing updated price targets after earnings."", 'title': 'Analysts revise Nvidia stock price targets after earnings', 'source': 'Finbold', 'pos_overall': 1, 'relative_publish_date': '13 hours ago'}, {'url': 'https://www.investors.com/market-trend/stock-market-today/dow-jones-sp500-nasdaq-nvidia-google-microsoft/', 'desc': ""Stocks were little changed, but tech took the lead as investors awaited the \nFed minutes. Nvidia's Q1 results are due at market close."", 'title': 'Indexes Close Lower As Fed Minutes Reveal These Fears; Nvidia Rises After \nEarnings', 'source': ""Investor's Business Daily"", 'pos_overall': 2, 'relative_publish_date': '1 day ago'}, {'url': 'https://www.cnbc.com/2024/05/22/the-key-levels-to-watch-on-nvidias-stock-chart-with-its-big-earnings-report-almost-here.html', 'desc': 'Frank Cappelleri gives a full breakdown of Nvidia results ahead of the big \nearnings.', 'title': ""The key levels to watch on Nvidia's stock chart with its big earnings \nreport almost here"", 'source': 'CNBC', 'pos_overall': 3, 'relative_publish_date': '1 day ago'}, {'url': 'https://247wallst.com/investing/2024/05/21/3-reasons-nvidia-is-about-to-announce-a-stock-split/', 'desc': 'Tomorrow, NVIDIA (NASDAQ:NVDA) is set to announce first quarter earnings \nand there is a very real change its share price pops above the...', 'title': '3 Reasons NVIDIA Is About to Announce a Stock Split', 'source': '24/7 Wall St.', 'pos_overall': 4, 'relative_publish_date': '2 days ago'}, {'url': 'https://finance.yahoo.com/news/nvidia-earnings-revenue-expected-to-surge-first-quarter-as-ai-trade-faces-latest-test-194153315.html', 'desc': 'Nvidia will report its fiscal Q1 earnings after the bell on Wednesday in a \ncrucial report for both the AI trade and broader stock market.', 'title': 'Nvidia stock retreats from record high ahead of crucial first quarter \nearnings report', 'source': 'Yahoo Finance', 'pos_overall': 5, 'relative_publish_date': '1 day ago'}, {'url': 'https://www.reuters.com/markets/global-markets-wrapup-1-2024-05-23/', 'desc': 'Global shares edged up on Thursday after results from AI poster-child \nNvidia ignited a rally across tech stocks, although the prospect that...', 'title': 'Stocks hitch a ride higher with Nvidia; investors mull rate outlook', 'source': 'Reuters', 'pos_overall': 6, 'relative_publish_date': '10 hours ago'}, {'url': 'https://qz.com/nvidia-earnings-q1-2024-1851494672', 'desc': ""The chipmaker's latest earnings smashed Wall Street expectations, and it \nalso announced a 10-to-1 stock split."", 'title': 'Nvidia teases a new chip as its stock clears $1000 for the first time', 'source': 'Quartz', 'pos_overall': 7, 'relative_publish_date': '23 hours ago'}, {'url': 'https://www.reuters.com/markets/us/nasdaq-sp-500-futures-pop-nvidia-fuels-chip-stocks-rally-2024-05-23/', 'desc': 'U.S. stocks ended lower on Thursday, even as a strong revenue forecast for \nNvidia prompted a surge in its shares, but that was overshadowed...', 'title': 'Stocks fall despite Nvidia boost as inflation concerns weigh', 'source': 'Reuters', 'pos_overall': 8, 'relative_publish_date': '21 hours ago'}, {'url': 'https://www.marketwatch.com/story/nvidia-is-sporting-growth-one-tech-ceo-says-hasnt-been-seen-in-the-history-of-capitalism-5c856e99', 'desc': ""Nvidia's stock gains Thursday likely relate more to its commentary than its \nnumbers. But those numbers are still pretty staggering."", 'title': 'Nvidia’s stunning year marked by growth not seen ‘in the history of \ncapitalism’', 'source': 'MarketWatch', 'pos_overall': 9, 'relative_publish_date': '9 hours ago'}]",11,12000
2024-05-23 21:14:28,2024-05-23 21:14:59,12,https://www.google.com/search?q=nvidia+stock&tbm=nws&uule=w+CAIQICINdW5pdGVkIHN0YXRlcw&gl=us&hl=en&start=110,7199518069574623233,200,,https://www.google.com/search?q=nvidia+stock&tbm=nws&uule=w+CAIQICINdW5pdGVkIHN0YXRlcw&gl=us&hl=en&start=110,12,"[{'url': 'https://www.investopedia.com/dow-jones-today-05222024-8652227', 'desc': ""U.S. stocks slid from record highs on Wednesday after the minutes of the \nFederal Reserve's May meeting highlighted officials' inflation..."", 'title': 'Dow Jones Today: Stocks Slip as Fed Minutes Spook Investors Ahead of Nvidia \nEarnings', 'source': 'Investopedia', 'pos_overall': 1, 'relative_publish_date': '1 day ago'}, {'url': 'https://finance.yahoo.com/video/nvidia-ceo-explains-why-teslas-110022884.html', 'desc': ""Nvidia's (NVDA) first quarter results beat analyst expectations, with \nrevenue rising 262% to $26.0 billion. The company also announced a..."", 'title': ""Nvidia CEO explains why Tesla's use of AI is 'revolutionary'"", 'source': 'Yahoo Finance', 'pos_overall': 2, 'relative_publish_date': '10 hours ago'}, {'url': 'https://investorplace.com/2024/05/nvda-stock-amazon-denies-reports-of-halted-orders-for-nvidia-superchips/', 'desc': ""Although Amazon clarified the record regarding its alleged halted orders of \nNvidia's superchip, NVDA stock still faded ahead of earnings."", 'title': 'NVDA Stock: Amazon Denies Reports of Halted Orders for Nvidia Superchips', 'source': 'InvestorPlace', 'pos_overall': 3, 'relative_publish_date': '1 day ago'}, {'url': 'https://www.investopedia.com/nvidia-q1-fy-2025-earnings-8652629', 'desc': ""Nvidia reported first-quarter earnings Wednesday that beat analysts' \nexpectations and surpassed the increasingly high bar set by investors,..."", 'title': 'Nvidia Earnings Top Expectations As Sales Soar Amid Booming AI Demand', 'source': 'Investopedia', 'pos_overall': 4, 'relative_publish_date': '24 hours ago'}, {'url': 'https://www.fool.com/investing/2024/05/19/buy-nvidia-stock-artificial-intelligence-ai/', 'desc': 'The artificial intelligence (AI) rockstar is poised to report earnings on \nWednesday. Will the stock rally higher? Nvidia (NVDA -0.46%) has...', 'title': 'Should You Buy Nvidia Stock Before Wednesday?', 'source': 'The Motley Fool', 'pos_overall': 5, 'relative_publish_date': '4 days ago'}, {'url': 'https://www.investing.com/news/stock-market-news/nvidia-issues-upbeat-guidance-as-q1-results-beat-announces-10for1-stock-split-3452885', 'desc': 'Investing.com -- Nvidia reported Wednesday upbeat guidance for the current \nquarter as first-quarter results topped Wall Street estimates,...', 'title': 'Nvidia tops $1000 a share in afterhours trading on strong outlook, stock \nsplit', 'source': 'Investing.com', 'pos_overall': 6, 'relative_publish_date': '24 hours ago'}, {'url': 'https://finance.yahoo.com/news/forget-nvidia-2-super-semiconductor-094000044.html', 'desc': 'Nvidia (NASDAQ: NVDA) is now the third-largest company in the world behind \nApple and Microsoft, thanks to a 200% pop in its stock price over...', 'title': 'Forget Nvidia: 2 Super Semiconductor Stocks to Buy Right Now, According to \nWall Street', 'source': 'Yahoo Finance', 'pos_overall': 7, 'relative_publish_date': '12 hours ago'}, {'url': 'https://www.reuters.com/markets/global-markets-wrapup-1-2024-05-22/', 'desc': ""Wall Street ended lower and oil prices fell on Wednesday as investors \nparsed minutes from the U.S. Federal Reserve's most recent policy..."", 'title': 'US stocks close down, oil tumbles after Fed minutes; Nvidia reports', 'source': 'Reuters', 'pos_overall': 8, 'relative_publish_date': '20 hours ago'}, {'url': 'https://finance.yahoo.com/news/earn-500-month-nvidia-stock-135639844.html', 'desc': 'NVIDIA Corporation (NASDAQ:NVDA) shares closed slightly higher on Tuesday \nahead of an earnings report set to be released on Wednesday.', 'title': 'How To Earn $500 A Month From Nvidia Stock Ahead Of Q1 Earnings Report', 'source': 'Yahoo Finance', 'pos_overall': 9, 'relative_publish_date': '1 day ago'}, {'url': 'https://www.ft.com/content/75ac7f61-071a-437c-a35e-09f968c6a568', 'desc': ""Amazon's cloud computing arm has changed its plans to use Nvidia's most \nadvanced “superchip” to wait for a more powerful new model,..."", 'title': ""Amazon changes plans to order Nvidia 'superchip' to await updated model"", 'source': 'Financial Times', 'pos_overall': 10, 'relative_publish_date': '2 days ago'}]",12,12000
2024-05-23 21:14:28,2024-05-23 21:15:01,13,https://www.google.com/search?q=nvidia+stock&tbm=nws&uule=w+CAIQICINdW5pdGVkIHN0YXRlcw&gl=us&hl=en&start=120,7199518069574623233,200,,https://www.google.com/search?q=nvidia+stock&tbm=nws&uule=w+CAIQICINdW5pdGVkIHN0YXRlcw&gl=us&hl=en&start=120,13,"[{'url': 'https://finance.yahoo.com/news/nvidia-clears-way-ai-stocks-235914167.html', 'desc': '(Bloomberg) -- Nvidia Corp. just gave the green light to traders betting \nthat the rally in artificial intelligence computing stocks — not to...', 'title': 'Nvidia Clears the Way for AI Stocks to Keep Powering Higher', 'source': 'Yahoo Finance', 'pos_overall': 1, 'relative_publish_date': '21 hours ago'}, {'url': 'https://investorplace.com/2024/05/nvda-stock-alert-amazon-halts-orders-of-nvidia-superchip/', 'desc': ""With news coming out that Amazon halted its orders of Nvidia's chips to \nwait for a better version, NVDA stock faces a rare litmus test."", 'title': 'NVDA Stock Alert: Amazon Halts Orders of Nvidia Superchip', 'source': 'InvestorPlace', 'pos_overall': 2, 'relative_publish_date': '2 days ago'}, {'url': 'https://www.marketwatch.com/livecoverage/nvidia-earnings-stock-ai-expectations-results-revenue-q1/card/how-much-will-nvidia-s-stock-move-after-earnings-here-s-what-the-options-market-says--xxmrzx28T8M6EbzEA7Jz', 'desc': ""What's the over-under for post-earnings move in Nvidia's stock price on \nThursday? The oddsmakers in the options market puts the line at..."", 'title': ""How much will Nvidia's stock move after earnings? Here's what the options \nmarket says."", 'source': 'MarketWatch', 'pos_overall': 3, 'relative_publish_date': '20 hours ago'}, {'url': 'https://www.ft.com/content/20697f42-83fa-423e-8678-dc1b4191a2fe', 'desc': 'Nvidia surpasses $2.5tn market cap on another set of blockbuster earnings.', 'title': 'US stocks sink as robust economic data offsets Nvidia cheer', 'source': 'Financial Times', 'pos_overall': 4, 'relative_publish_date': '1 hour ago'}, {'url': 'https://finance.yahoo.com/news/markets-brace-for-nvidia-earnings-what-to-know-this-week-130053537.html', 'desc': 'A crucial earnings report from AI leader Nvidia greets a stock market that \nhit new records last week.', 'title': 'Markets brace for Nvidia earnings: What to know this week', 'source': 'Yahoo Finance', 'pos_overall': 5, 'relative_publish_date': '3 days ago'}, {'url': 'https://www.investing.com/news/stock-market-news/us-stock-futures-rise-as-nvidia-cheer-offsets-fed-jitters-3453275', 'desc': 'Investing.com-- U.S. stocks gave up gains Tuesday, following a spike in \nTreasury yields as data pointing to signs of sticky inflation dented...', 'title': 'US stocks fall as rising Treasury yields overshadow Nvidia-led tech climb', 'source': 'Investing.com', 'pos_overall': 6, 'relative_publish_date': '21 hours ago'}, {'url': 'https://finance.yahoo.com/news/nvidia-stock-investors-know-big-084400508.html', 'desc': ""In today's video, I discuss recent updates impacting Nvidia (NASDAQ: NVDA). \nCheck out the short video to learn more, consider subscribing,..."", 'title': 'What Nvidia Stock Investors Should Know Before the Big Earnings', 'source': 'Yahoo Finance', 'pos_overall': 7, 'relative_publish_date': '1 day ago'}, {'url': 'https://www.barchart.com/story/news/26320074/nvidia-stock-forecast-can-nvda-rise-above-1-000-after-earnings', 'desc': 'Nvidia will release its fiscal Q1 earnings this week. Can NVDA stock rise \nabove $1000 after the report?', 'title': 'Nvidia Stock Forecast: Can NVDA Rise Above $1,000 After Earnings?', 'source': 'Barchart.com', 'pos_overall': 8, 'relative_publish_date': '3 days ago'}, {'url': 'https://www.cnbc.com/2024/05/22/nvda-alternatives-if-nvidia-beats-estimates-these-6-ai-stocks-tend-to-rise.html', 'desc': 'Five U.S.-listed stocks and one Japan-listed company have risen between 6% \nand 33% after Nvidia revealed bumper earnings in the past.', 'title': 'When Nvidia beats estimates, these 6 AI stocks tend to rise', 'source': 'CNBC', 'pos_overall': 9, 'relative_publish_date': '1 day ago'}, {'url': 'https://www.fool.com/investing/2024/05/23/1-stock-join-nvidia-apple-amazon-1-trillion-club/', 'desc': ""Berkshire Hathaway has generated life-changing returns for more than 58 \nyears under Warren Buffett's direction."", 'title': '1 Unstoppable Stock Set to Join Nvidia, Microsoft, Apple, Amazon, Alphabet, \nand Meta in the $1 Trillion Club', 'source': 'The Motley Fool', 'pos_overall': 10, 'relative_publish_date': '12 hours ago'}]",13,12000
2024-05-23 21:14:28,2024-05-23 21:15:02,14,https://www.google.com/search?q=nvidia+stock&tbm=nws&uule=w+CAIQICINdW5pdGVkIHN0YXRlcw&gl=us&hl=en&start=130,7199518069574623233,200,,https://www.google.com/search?q=nvidia+stock&tbm=nws&uule=w+CAIQICINdW5pdGVkIHN0YXRlcw&gl=us&hl=en&start=130,14,"[{'url': 'https://crypto.news/nvidias-record-earnings-and-stock-split-shake-up-ai-crypto-market/', 'desc': 'Nvidia has forecasted quarterly revenue above estimates and announced a \nstock split, lifting its shares to record highs while impacting...', 'title': ""Nvidia's record earnings and stock split shake up AI crypto market"", 'source': 'crypto.news', 'pos_overall': 1, 'relative_publish_date': '9 hours ago'}, {'url': 'https://www.nasdaq.com/articles/analysts-raise-the-bar-for-nvidia-stock-ahead-of-q1-earnings', 'desc': ""Nvidia stock has risen around 20000% in the past decade, and might move \neven higher, according to analysts price targets. Let's see why."", 'title': 'Analysts Raise the Bar for Nvidia Stock Ahead of Q1 Earnings', 'source': 'Nasdaq', 'pos_overall': 2, 'relative_publish_date': '5 days ago'}, {'url': 'https://watcher.guru/news/nvidia-announces-101-stock-split-following-q1-earnings-report', 'desc': 'Following its Q1 2024 earnings announcement Wednesday, Nvidia announced \nthat it will establish a 10-for-1 stock split.', 'title': 'Nvidia Announces 10:1 Stock Split Following Q1 Earnings Report', 'source': 'Watcher Guru', 'pos_overall': 3, 'relative_publish_date': '1 day ago'}, {'url': 'https://www.reuters.com/technology/earnings-ai-heavyweight-nvidia-test-us-stocks-record-run-2024-05-22/', 'desc': 'Earnings from semiconductor bellwether Nvidia on Wednesday are set to \nprovide the latest test for a U.S. stock market rally that has taken...', 'title': ""Earnings from AI-heavyweight Nvidia to test US stocks' record run"", 'source': 'Reuters', 'pos_overall': 4, 'relative_publish_date': '1 day ago'}, {'url': 'https://investorplace.com/2024/05/micron-technology-stock-a-great-chip-pick-not-named-nvidia/', 'desc': 'Micron Technology stock is a must-own tech holding as Micron Technology \nunveils a truly game-changing AI-enabled memory chip.', 'title': 'Micron Technology Stock: A Great Chip Pick (Not Named Nvidia)', 'source': 'InvestorPlace', 'pos_overall': 5, 'relative_publish_date': '12 hours ago'}, {'url': 'https://www.cnbc.com/2024/05/23/stocks-making-the-biggest-moves-midday-nvda-ba-lyv.html', 'desc': 'Stocks making the biggest moves midday: Nvidia, Boeing, Live Nation \nEntertainment and more. Published Thu, May 23 202412:59 PM EDT Updated \nMoments Ago.', 'title': 'Stocks making the biggest moves midday: NVDA, BA, LYV', 'source': 'CNBC', 'pos_overall': 6, 'relative_publish_date': '4 hours ago'}, {'url': 'https://www.investors.com/market-trend/stock-market-today/dow-jones-sp500-nasdaq-fed-minutes-nvidia-stock-nvda/', 'desc': 'Stock Market Today: The Dow Jones fell Wednesday ahead of Federal Reserve \nminutes. Nvidia earnings are up next.', 'title': 'Stock Market Today: Dow Jones Falls Ahead Of Fed Minutes; Nvidia Earnings \nNext', 'source': ""Investor's Business Daily"", 'pos_overall': 7, 'relative_publish_date': '1 day ago'}, {'url': 'https://www.investors.com/market-trend/stock-market-today/dow-jones-sp500-nasdaq-nvidia-stock-nvda-earnings/', 'desc': 'The Dow Jones fell Monday, as Nvidia stock rallied on the stock market \ntoday after a number of price-target hikes.', 'title': 'Stock Market Today: Dow Jones Falls As Nvidia Rallies On Price-Target Hikes', 'source': ""Investor's Business Daily"", 'pos_overall': 8, 'relative_publish_date': '3 days ago'}, {'url': 'https://investorplace.com/2024/05/cfra-just-raised-its-price-target-on-nvidia-nvda-stock/', 'desc': 'Nvidia stock is in the news Wednesday after shares of NVDA got an increased \nprice target from CFRA analyst Angelo Zino.', 'title': 'CFRA Just Raised Its Price Target on Nvidia (NVDA) Stock', 'source': 'InvestorPlace', 'pos_overall': 9, 'relative_publish_date': '1 day ago'}, {'url': 'https://www.ft.com/content/2ce59a81-61b7-4052-810e-8bdc425367e4', 'desc': 'Semiconductor maker also announces a 10-for-1 stock split after quarterly \nresults beat high expectations.', 'title': ""Nvidia's revenue soars 262% on record AI chip demand"", 'source': 'Financial Times', 'pos_overall': 10, 'relative_publish_date': '7 hours ago'}]",14,12000
2024-05-23 21:14:28,2024-05-23 21:15:03,15,https://www.google.com/search?q=nvidia+stock&tbm=nws&uule=w+CAIQICINdW5pdGVkIHN0YXRlcw&gl=us&hl=en&start=140,7199518069574623233,200,,https://www.google.com/search?q=nvidia+stock&tbm=nws&uule=w+CAIQICINdW5pdGVkIHN0YXRlcw&gl=us&hl=en&start=140,15,"[{'url': 'https://www.benzinga.com/news/earnings/earnings-beats/24/05/38991492/nvidias-10-leap-propels-tech-indexes-to-record-highs-blue-chips-small-caps-slip-what', 'desc': 'Strong earnings and revenue guidance from Nvidia sparked a tech stock \nsurge, with Nasdaq 100 and S&P 500 hitting record highs.', 'title': ""Nvidia's 10% Leap Propels Tech Indexes To Record Highs; Blue Chips, Small \nCaps Slip: What's Driving Marke"", 'source': 'Benzinga', 'pos_overall': 1, 'relative_publish_date': '4 hours ago'}, {'url': 'https://finance.yahoo.com/news/buy-nvidia-stock-wednesday-155608192.html', 'desc': 'In this video, I will talk about Nvidia (NASDAQ: NVDA) and what the market \nis expecting the company to report for Q1 and fiscal year 2025.', 'title': 'Should You Buy Nvidia Stock Before Wednesday?', 'source': 'Yahoo Finance', 'pos_overall': 2, 'relative_publish_date': '3 days ago'}, {'url': 'https://www.barrons.com/livecoverage/stock-market-today-052224', 'desc': 'Stocks fell, and the S&P 500 broke its three-day winning streak, after \nminutes from the latest Fed meeting spooked traders.', 'title': 'Stock Market News From May 22, 2024: Dow Falls After Fed Minutes; Nvidia \nEarnings, Target Earnings; Ether Price ...', 'source': ""Barron's"", 'pos_overall': 3, 'relative_publish_date': '22 hours ago'}, {'url': 'https://www.benzinga.com/news/earnings/earnings-beats/24/05/38986932/stock-market-reclaims-record-highs-nvidia-tops-1-000-as-ai-driven-rally-resumes-thur', 'desc': ""Wall Street opens with record highs on Nvidia's strong earnings and \nguidance, S&P 500 and Nasdaq 100 surge, while technology stocks lead the..."", 'title': ""Stock Market Reclaims Record Highs, Nvidia Tops $1,000 As AI-Driven Rally \nResumes: Thursday's Top Movers"", 'source': 'Benzinga', 'pos_overall': 4, 'relative_publish_date': '7 hours ago'}, {'url': 'https://www.fool.com/investing/2024/05/21/should-you-follow-billionaire-stanley-druckenmille/', 'desc': 'Nvidia (NVDA 0.64%) has been the hottest stock of the artificial \nintelligence (AI) boom, jumping more than 500% since the start of 2023,...', 'title': 'Should You Follow Billionaire Stanley Druckenmiller and Sell Nvidia Stock \nBefore Thursday?', 'source': 'The Motley Fool', 'pos_overall': 5, 'relative_publish_date': '2 days ago'}, {'url': 'https://www.fool.com/investing/2024/05/19/prediction-this-will-be-nvidias-next-big-announcem/', 'desc': ""Nvidia's dominance in the artificial intelligence chip market has helped \nthe stock to soar."", 'title': ""Prediction: This Will Be Nvidia's Next Big Announcement"", 'source': 'The Motley Fool', 'pos_overall': 6, 'relative_publish_date': '4 days ago'}, {'url': 'https://www.cnbc.com/2024/05/23/top-stocks-to-watch-on-wall-street-like-nvidia.html', 'desc': ""Here are Thursday's biggest analyst calls: Nvidia, Tesla, Ford, Super \nMicro, Wendy's, Hasbro, Take-Two, Wynn & more."", 'title': 'Top stocks to watch on Wall Street like Nvidia', 'source': 'CNBC', 'pos_overall': 7, 'relative_publish_date': '9 hours ago'}, {'url': 'https://www.fool.com/investing/2024/05/20/3-artificial-intelligence-ai-stock-picks-with-incr/', 'desc': ""It's difficult to overstate the effect that the release of ChatGPT and \nNvidia's (NASDAQ: NVDA) incredible growth had on the investing world..."", 'title': ""3 Artificial Intelligence (AI) Stock Picks With Incredible Potential (Hint: \nThey're Not Nvidia)"", 'source': 'The Motley Fool', 'pos_overall': 8, 'relative_publish_date': '3 days ago'}, {'url': 'https://investorplace.com/2024/05/nvidia-stock-earnings-preview-sorry-q1-will-be-as-good-as-it-gets-for-nvda/', 'desc': 'Nvidia stock added $1.5 trillion to its valuation over the past year but \ngrowth may not be as monumental for the immediate future.', 'title': 'Nvidia Stock Earnings Preview: Sorry, Q1 Will Be as Good as It Gets for \nNVDA.', 'source': 'InvestorPlace', 'pos_overall': 9, 'relative_publish_date': '1 day ago'}, {'url': 'https://www.cnbc.com/video/2024/05/21/options-action-nvidia-options-pricing-unprecedented-market-cap-move-on-earnings.html', 'desc': ""David Boole, BayCrest, joins 'Fast Money' to talk options trading around \nNvidia ahead of earnings,"", 'title': 'Options Action: Nvidia options pricing unprecedented market cap move on \nearnings', 'source': 'CNBC', 'pos_overall': 10, 'relative_publish_date': '1 day ago'}]",15,12000
